Tertiary control power Weekly;;;;;;;;;;;;
;;;;;;;;;;;;
Date;Description;Power offered MW;Power allocated MW;Price CHF/MW;;0;;;;;;
28.12.2015;TRL-_l;5;5;680;0.68;0;;;;;;READ!!
28.12.2015;TRL-_l;16;16;849;0.849;0.849;0;;1.499;1.499;;1.499
28.12.2015;TRL-_l;5;5;880;0.88;0.88;0;;1.499;0;;1.91
28.12.2015;TRL-_l;5;5;979;0.979;0.979;0;;1.499;0;;2.141
28.12.2015;TRL-_l;5;5;988;0.988;0.988;0;;1.499;0;;1.299
28.12.2015;TRL-_l;6;6;999;0.999;0.999;0;;1.499;0;;1.426
28.12.2015;TRL-_l;100;35;1099;1.099;1.099;0;;1.499;0;;1.138
28.12.2015;TRL-_l;75;40;1499;1.499;1.499;0;;1.499;0;;1.188
28.12.2015;TRL-_l;59;0;2999;2.999;1.499;0;;1.499;0;;0.799
28.12.2015;TRL-_l;65;0;4000;4;1.499;1.499;;1.499;0;;0.699
28.12.2015;TRL-_l;10;0;5040;5.04;1.499;1.499;;1.499;0;;0.659
28.12.2015;TRL-_l;15;0;7303;7.303;1.499;1.499;;1.91;1.91;;0.525
28.12.2015;TRL-_l;30;0;7424;7.424;1.499;1.499;;1.91;0;;0.68
28.12.2015;TRL-_l;10;0;8400;8.4;1.499;1.499;;1.91;0;;0.488
28.12.2015;TRL-_l;10;0;9670;9.67;1.499;1.499;;1.91;0;;0.517
28.12.2015;TRL-_l;65;0;15000;15;1.499;1.499;;1.91;0;;0.444
28.12.2015;TRL-_l;65;0;50000;50;1.499;1.499;;1.91;0;;0.38
28.12.2015;TRL-_l;60;0;99999;99.999;1.499;1.499;;1.91;0;;0.399
04.01.2016;TRL-_l;5;5;680;0.68;1.499;1.499;;1.91;0;;0.358
04.01.2016;TRL-_l;16;16;779;0.779;0.779;0;;1.91;0;;0.399
04.01.2016;TRL-_l;100;65;988;0.988;0.988;0;;1.91;0;;0.44
04.01.2016;TRL-_l;17;17;1092;1.092;1.092;0;;1.91;0;;0.449
04.01.2016;TRL-_l;6;6;1399;1.399;1.399;0;;1.91;0;;0.429
04.01.2016;TRL-_l;65;65;1499;1.499;1.499;0;;2.141;2.141;;0.399
04.01.2016;TRL-_l;50;20;1901;1.901;1.901;0;;2.141;0;;0.368
04.01.2016;TRL-_l;5;0;2222;2.222;1.901;0;;2.141;0;;0.335
04.01.2016;TRL-_l;75;0;2291;2.291;1.901;1.901;;2.141;0;;0.295
04.01.2016;TRL-_l;5;0;2450;2.45;1.901;1.901;;2.141;0;;0.248
04.01.2016;TRL-_l;59;0;2499;2.499;1.901;1.901;;2.141;0;;0.175
04.01.2016;TRL-_l;10;0;4200;4.2;1.901;1.901;;2.141;0;;0.146
04.01.2016;TRL-_l;10;0;6720;6.72;1.901;1.901;;2.141;0;;0.139
04.01.2016;TRL-_l;15;0;7701;7.701;1.901;1.901;;2.141;0;;0.125
04.01.2016;TRL-_l;30;0;9588;9.588;1.901;1.901;;1.299;1.299;;0.92
04.01.2016;TRL-_l;10;0;11111;11.111;1.901;1.901;;1.299;0;;0.172
04.01.2016;TRL-_l;65;0;15000;15;1.901;1.901;;1.299;0;;0.127
04.01.2016;TRL-_l;65;0;50000;50;1.901;1.901;;1.299;0;;0.158
04.01.2016;TRL-_l;30;0;99999;99.999;1.901;1.901;;1.299;0;;0.137
11.01.2016;TRL-_l;5;5;745;0.745;1.901;1.901;;1.299;0;;0.297
11.01.2016;TRL-_l;20;20;869;0.869;0.869;0;;1.299;0;;0.399
11.01.2016;TRL-_l;5;5;990;0.99;0.99;0;;1.299;0;;0.388
11.01.2016;TRL-_l;6;6;999;0.999;0.999;0;;1.299;0;;0.31
11.01.2016;TRL-_l;100;35;999;0.999;0.999;0;;1.299;0;;0.26
11.01.2016;TRL-_l;10;10;1176;1.176;1.176;0;;1.299;0;;0.292
11.01.2016;TRL-_l;65;65;1249;1.249;1.249;0;;1.299;0;;0.349
11.01.2016;TRL-_l;17;17;1319;1.319;1.319;0;;1.299;0;;0.398
11.01.2016;TRL-_l;35;35;1499;1.499;1.499;0;;1.299;0;;1.256
11.01.2016;TRL-_l;50;50;1880;1.88;1.88;0;;1.299;0;;1.14
11.01.2016;TRL-_l;5;5;1988;1.988;1.988;0;;1.299;0;;1.49
11.01.2016;TRL-_l;5;5;1999;1.999;1.999;0;;1.299;0;;1.148
11.01.2016;TRL-_l;75;10;2141;2.141;2.141;0;;1.299;0;;1.299
11.01.2016;TRL-_l;5;0;2400;2.4;2.141;0;;1.426;1.426;;2.495
11.01.2016;TRL-_l;10;0;3360;3.36;2.141;2.141;;1.426;0;;1.984
11.01.2016;TRL-_l;25;0;5554;5.554;2.141;2.141;;1.426;0;;1.745
11.01.2016;TRL-_l;15;0;7792;7.792;2.141;2.141;;1.426;0;;1.562
11.01.2016;TRL-_l;20;0;7944;7.944;2.141;2.141;;1.426;0;;1.989
11.01.2016;TRL-_l;65;0;15000;15;2.141;2.141;;1.426;0;;1.444
11.01.2016;TRL-_l;10;0;19999;19.999;2.141;2.141;;1.426;0;;1.699
11.01.2016;TRL-_l;65;0;50000;50;2.141;2.141;;1.426;0;;
11.01.2016;TRL-_l;30;0;99999;99.999;2.141;2.141;;1.426;0;;
18.01.2016;TRL-_l;6;6;899;0.899;2.141;2.141;;1.426;0;;
18.01.2016;TRL-_l;5;5;940;0.94;0.94;0;;1.426;0;;
18.01.2016;TRL-_l;6;6;999;0.999;0.999;0;;1.138;1.138;;
18.01.2016;TRL-_l;36;36;1038;1.038;1.038;0;;1.138;0;;
18.01.2016;TRL-_l;100;35;1299;1.299;1.299;0;;1.138;0;;
18.01.2016;TRL-_l;35;35;1299;1.299;1.299;0;;1.138;0;;
18.01.2016;TRL-_l;50;0;1439;1.439;1.299;1.299;;1.138;0;;
18.01.2016;TRL-_l;5;0;1663.2;1.6632;1.299;1.299;;1.138;0;;
18.01.2016;TRL-_l;5;0;1780.8;1.7808;1.299;1.299;;1.138;0;;
18.01.2016;TRL-_l;5;0;1790;1.79;1.299;1.299;;1.138;0;;
18.01.2016;TRL-_l;5;0;1931;1.931;1.299;1.299;;1.138;0;;
18.01.2016;TRL-_l;5;0;1945;1.945;1.299;1.299;;1.138;0;;
18.01.2016;TRL-_l;65;0;1999;1.999;1.299;1.299;;1.138;0;;
18.01.2016;TRL-_l;10;0;2016;2.016;1.299;1.299;;1.138;0;;
18.01.2016;TRL-_l;5;0;2800;2.8;1.299;1.299;;1.188;1.188;;
18.01.2016;TRL-_l;7;0;2850;2.85;1.299;1.299;;1.188;0;;
18.01.2016;TRL-_l;75;0;3293;3.293;1.299;1.299;;1.188;0;;
18.01.2016;TRL-_l;5;0;4200;4.2;1.299;1.299;;1.188;0;;
18.01.2016;TRL-_l;20;0;7944;7.944;1.299;1.299;;1.188;0;;
18.01.2016;TRL-_l;10;0;12037;12.037;1.299;1.299;;1.188;0;;
18.01.2016;TRL-_l;65;0;15000;15;1.299;1.299;;1.188;0;;
18.01.2016;TRL-_l;15;0;25145;25.145;1.299;1.299;;1.188;0;;
18.01.2016;TRL-_l;30;0;99999;99.999;1.299;1.299;;1.188;0;;
25.01.2016;TRL-_l;5;5;899;0.899;1.299;1.299;;1.188;0;;
25.01.2016;TRL-_l;5;5;958;0.958;0.958;0;;1.188;0;;
25.01.2016;TRL-_l;6;6;1044;1.044;1.044;0;;1.188;0;;
25.01.2016;TRL-_l;10;10;1092;1.092;1.092;0;;0.799;0.799;;
25.01.2016;TRL-_l;16;16;1126;1.126;1.126;0;;0.799;0;;
25.01.2016;TRL-_l;50;50;1147;1.147;1.147;0;;0.799;0;;
25.01.2016;TRL-_l;35;0;1199;1.199;1.147;0;;0.799;0;;
25.01.2016;TRL-_l;5;5;1276;1.276;1.276;0;;0.799;0;;
25.01.2016;TRL-_l;5;5;1426;1.426;1.426;0;;0.799;0;;
25.01.2016;TRL-_l;65;0;1499;1.499;1.426;0;;0.799;0;;
25.01.2016;TRL-_l;5;0;1995;1.995;1.426;1.426;;0.799;0;;
25.01.2016;TRL-_l;5;0;2800;2.8;1.426;1.426;;0.799;0;;
25.01.2016;TRL-_l;5;0;3192;3.192;1.426;1.426;;0.799;0;;
25.01.2016;TRL-_l;75;0;3799;3.799;1.426;1.426;;0.799;0;;
25.01.2016;TRL-_l;15;0;6287;6.287;1.426;1.426;;0.799;0;;
25.01.2016;TRL-_l;20;0;6972;6.972;1.426;1.426;;0.799;0;;
25.01.2016;TRL-_l;25;0;7940;7.94;1.426;1.426;;0.799;0;;
25.01.2016;TRL-_l;100;0;10000;10;1.426;1.426;;0.799;0;;
25.01.2016;TRL-_l;65;0;15000;15;1.426;1.426;;0.799;0;;
25.01.2016;TRL-_l;30;0;99899;99.899;1.426;1.426;;0.699;0.699;;
01.02.2016;TRL-_l;6;6;999;0.999;1.426;1.426;;0.699;0;;
01.02.2016;TRL-_l;5;5;1024;1.024;1.024;0;;0.699;0;;
01.02.2016;TRL-_l;10;10;1041.6;1.0416;1.0416;0;;0.699;0;;
01.02.2016;TRL-_l;35;35;1044;1.044;1.044;0;;0.699;0;;
01.02.2016;TRL-_l;6;6;1079;1.079;1.079;0;;0.699;0;;
01.02.2016;TRL-_l;16;15;1108;1.108;1.108;0;;0.699;0;;
01.02.2016;TRL-_l;50;50;1138;1.138;1.138;0;;0.699;0;;
01.02.2016;TRL-_l;65;0;1159;1.159;1.138;0;;0.699;0;;
01.02.2016;TRL-_l;25;0;1493;1.493;1.138;1.138;;0.699;0;;
01.02.2016;TRL-_l;5;0;1677;1.677;1.138;1.138;;0.699;0;;
01.02.2016;TRL-_l;65;0;1699;1.699;1.138;1.138;;0.699;0;;
01.02.2016;TRL-_l;5;0;1724;1.724;1.138;1.138;;0.699;0;;
01.02.2016;TRL-_l;6;0;1994;1.994;1.138;1.138;;0.659;0.659;;
01.02.2016;TRL-_l;15;0;2510;2.51;1.138;1.138;;0.659;0;;
01.02.2016;TRL-_l;10;0;2999;2.999;1.138;1.138;;0.659;0;;
01.02.2016;TRL-_l;5;0;3192;3.192;1.138;1.138;;0.659;0;;
01.02.2016;TRL-_l;75;0;3799;3.799;1.138;1.138;;0.659;0;;
01.02.2016;TRL-_l;20;0;6972;6.972;1.138;1.138;;0.659;0;;
01.02.2016;TRL-_l;65;0;15000;15;1.138;1.138;;0.659;0;;
08.02.2016;TRL-_l;50;50;947;0.947;1.138;1.138;;0.659;0;;
08.02.2016;TRL-_l;10;10;990;0.99;0.99;0;;0.659;0;;
08.02.2016;TRL-_l;10;10;991.2;0.9912;0.9912;0;;0.659;0;;
08.02.2016;TRL-_l;6;6;999;0.999;0.999;0;;0.659;0;;
08.02.2016;TRL-_l;65;65;1049;1.049;1.049;0;;0.659;0;;
08.02.2016;TRL-_l;5;5;1108.8;1.1088;1.1088;0;;0.659;0;;
08.02.2016;TRL-_l;35;0;1148;1.148;1.1088;0;;0.659;0;;
08.02.2016;TRL-_l;65;0;1159;1.159;1.1088;1.1088;;0.659;0;;
08.02.2016;TRL-_l;5;0;1183;1.183;1.1088;1.1088;;0.659;0;;
08.02.2016;TRL-_l;5;0;1194;1.194;1.1088;1.1088;;0.659;0;;
08.02.2016;TRL-_l;65;0;1699;1.699;1.1088;1.1088;;0.659;0;;
08.02.2016;TRL-_l;6;0;2464;2.464;1.1088;1.1088;;0.659;0;;
08.02.2016;TRL-_l;10;0;2574;2.574;1.1088;1.1088;;0.659;0;;
08.02.2016;TRL-_l;75;0;3715;3.715;1.1088;1.1088;;0.659;0;;
08.02.2016;TRL-_l;15;0;5485;5.485;1.1088;1.1088;;0.659;0;;
08.02.2016;TRL-_l;20;0;6888;6.888;1.1088;1.1088;;0.659;0;;
08.02.2016;TRL-_l;25;0;8391;8.391;1.1088;1.1088;;0.659;0;;
08.02.2016;TRL-_l;65;0;15000;15;1.1088;1.1088;;0.659;0;;
15.02.2016;TRL-_l;25;25;669;0.669;1.1088;1.1088;;0.659;0;;
15.02.2016;TRL-_l;6;6;799;0.799;0.799;0;;0.659;0;;
15.02.2016;TRL-_l;35;0;899;0.899;0.799;0;;0.525;0.525;;
15.02.2016;TRL-_l;10;0;940.8;0.9408;0.799;0.799;;0.525;0;;
15.02.2016;TRL-_l;10;0;949;0.949;0.799;0.799;;0.525;0;;
15.02.2016;TRL-_l;5;0;1008;1.008;0.799;0.799;;0.525;0;;
15.02.2016;TRL-_l;50;0;1013;1.013;0.799;0.799;;0.525;0;;
15.02.2016;TRL-_l;10;0;1038;1.038;0.799;0.799;;0.525;0;;
15.02.2016;TRL-_l;65;0;1069;1.069;0.799;0.799;;0.525;0;;
15.02.2016;TRL-_l;75;0;1084;1.084;0.799;0.799;;0.525;0;;
15.02.2016;TRL-_l;5;0;1109;1.109;0.799;0.799;;0.525;0;;
15.02.2016;TRL-_l;5;0;1200;1.2;0.799;0.799;;0.525;0;;
15.02.2016;TRL-_l;5;0;1224;1.224;0.799;0.799;;0.68;0.68;;
15.02.2016;TRL-_l;65;0;1517;1.517;0.799;0.799;;0.68;0;;
15.02.2016;TRL-_l;10;0;1848;1.848;0.799;0.799;;0.68;0;;
15.02.2016;TRL-_l;65;0;1879;1.879;0.799;0.799;;0.68;0;;
15.02.2016;TRL-_l;20;0;3724;3.724;0.799;0.799;;0.68;0;;
15.02.2016;TRL-_l;65;0;15000;15;0.799;0.799;;0.68;0;;
22.02.2016;TRL-_l;5;5;648;0.648;0.799;0.799;;0.68;0;;
22.02.2016;TRL-_l;8;8;649;0.649;0.649;0;;0.68;0;;
22.02.2016;TRL-_l;5;5;655;0.655;0.655;0;;0.488;0.488;;
22.02.2016;TRL-_l;50;50;664;0.664;0.664;0;;0.488;0;;
22.02.2016;TRL-_l;75;50;694;0.694;0.694;0;;0.488;0;;
22.02.2016;TRL-_l;6;6;699;0.699;0.699;0;;0.488;0;;
22.02.2016;TRL-_l;5;0;776;0.776;0.699;0;;0.488;0;;
22.02.2016;TRL-_l;5;0;780;0.78;0.699;0.699;;0.488;0;;
22.02.2016;TRL-_l;65;0;824;0.824;0.699;0.699;;0.488;0;;
22.02.2016;TRL-_l;5;0;891;0.891;0.699;0.699;;0.488;0;;
22.02.2016;TRL-_l;25;0;1008;1.008;0.699;0.699;;0.488;0;;
22.02.2016;TRL-_l;65;0;1099;1.099;0.699;0.699;;0.488;0;;
22.02.2016;TRL-_l;35;0;1499;1.499;0.699;0.699;;0.488;0;;
22.02.2016;TRL-_l;10;0;1680;1.68;0.699;0.699;;0.488;0;;
22.02.2016;TRL-_l;65;0;1879;1.879;0.699;0.699;;0.488;0;;
22.02.2016;TRL-_l;20;0;3724;3.724;0.699;0.699;;0.517;0.517;;
22.02.2016;TRL-_l;10;0;7950;7.95;0.699;0.699;;0.517;0;;
22.02.2016;TRL-_l;65;0;15000;15;0.699;0.699;;0.517;0;;
22.02.2016;TRL-_l;10;0;15000;15;0.699;0.699;;0.517;0;;
29.02.2016;TRL-_l;7;7;618;0.618;0.699;0.699;;0.517;0;;
29.02.2016;TRL-_l;65;34;636;0.636;0.636;0;;0.517;0;;
29.02.2016;TRL-_l;6;6;649;0.649;0.649;0;;0.517;0;;
29.02.2016;TRL-_l;5;5;655.2;0.6552;0.6552;0;;0.517;0;;
29.02.2016;TRL-_l;75;50;659;0.659;0.659;0;;0.444;0.444;;
29.02.2016;TRL-_l;5;0;689;0.689;0.659;0;;0.444;0;;
29.02.2016;TRL-_l;5;0;697;0.697;0.659;0.659;;0.444;0;;
29.02.2016;TRL-_l;35;0;799;0.799;0.659;0.659;;0.444;0;;
29.02.2016;TRL-_l;25;0;825;0.825;0.659;0.659;;0.444;0;;
29.02.2016;TRL-_l;5;0;940.8;0.9408;0.659;0.659;;0.444;0;;
29.02.2016;TRL-_l;30;0;999;0.999;0.659;0.659;;0.444;0;;
29.02.2016;TRL-_l;10;0;1092;1.092;0.659;0.659;;0.444;0;;
29.02.2016;TRL-_l;65;0;1099;1.099;0.659;0.659;;0.444;0;;
29.02.2016;TRL-_l;5;0;1299;1.299;0.659;0.659;;0.444;0;;
29.02.2016;TRL-_l;65;0;1879;1.879;0.659;0.659;;0.38;0.38;;
29.02.2016;TRL-_l;20;0;3689;3.689;0.659;0.659;;0.399;0.399;;
29.02.2016;TRL-_l;65;0;15000;15;0.659;0.659;;0.399;0;;
07.03.2016;TRL-_l;80;50;592;0.592;0.659;0.659;;0.399;0;;
07.03.2016;TRL-_l;6;0;599;0.599;0.659;0.659;;0.399;0;;
07.03.2016;TRL-_l;7;0;628;0.628;0.659;0.659;;0.399;0;;
07.03.2016;TRL-_l;65;0;644;0.644;0.659;0.659;;0.399;0;;
07.03.2016;TRL-_l;5;0;677;0.677;0.659;0.659;;0.399;0;;
07.03.2016;TRL-_l;35;0;799;0.799;0.659;0.659;;0.399;0;;
07.03.2016;TRL-_l;5;0;840;0.84;0.659;0.659;;0.399;0;;
07.03.2016;TRL-_l;5;0;844;0.844;0.659;0.659;;0.399;0;;
07.03.2016;TRL-_l;10;0;1092;1.092;0.659;0.659;;0.399;0;;
07.03.2016;TRL-_l;65;0;1099;1.099;0.659;0.659;;0.399;0;;
07.03.2016;TRL-_l;5;0;1512;1.512;0.659;0.659;;0.399;0;;
07.03.2016;TRL-_l;65;0;1879;1.879;0.659;0.659;;0.399;0;;
07.03.2016;TRL-_l;20;0;3611;3.611;0.659;0.659;;0.358;0.358;;
07.03.2016;TRL-_l;65;0;15000;15;0.659;0.659;;0.358;0;;
14.03.2016;TRL-_l;7;7;499;0.499;0.659;0.659;;0.358;0;;
14.03.2016;TRL-_l;6;0;499;0.499;0.659;0.659;;0.358;0;;
14.03.2016;TRL-_l;65;65;525;0.525;0.525;0;;0.358;0;;
14.03.2016;TRL-_l;5;0;590;0.59;0.525;0;;0.358;0;;
14.03.2016;TRL-_l;5;0;598;0.598;0.525;0.525;;0.358;0;;
14.03.2016;TRL-_l;80;0;655;0.655;0.525;0.525;;0.358;0;;
14.03.2016;TRL-_l;5;0;690;0.69;0.525;0.525;;0.358;0;;
14.03.2016;TRL-_l;35;0;699;0.699;0.525;0.525;;0.358;0;;
14.03.2016;TRL-_l;65;0;1099;1.099;0.525;0.525;;0.358;0;;
14.03.2016;TRL-_l;65;0;1879;1.879;0.525;0.525;;0.358;0;;
14.03.2016;TRL-_l;25;0;1900;1.9;0.525;0.525;;0.358;0;;
14.03.2016;TRL-_l;20;0;3593;3.593;0.525;0.525;;0.358;0;;
14.03.2016;TRL-_l;65;0;15000;15;0.525;0.525;;0.358;0;;
21.03.2016;TRL-_l;5;5;437;0.437;0.525;0.525;;0.358;0;;
21.03.2016;TRL-_l;5;5;526;0.526;0.526;0;;0.358;0;;
21.03.2016;TRL-_l;5;5;529;0.529;0.529;0;;0.358;0;;
21.03.2016;TRL-_l;80;25;549;0.549;0.549;0;;0.358;0;;
21.03.2016;TRL-_l;6;6;549;0.549;0.549;0;;0.358;0;;
21.03.2016;TRL-_l;65;65;575;0.575;0.575;0;;0.358;0;;
21.03.2016;TRL-_l;6;6;599;0.599;0.599;0;;0.358;0;;
21.03.2016;TRL-_l;5;5;680;0.68;0.68;0;;0.358;0;;
21.03.2016;TRL-_l;35;0;899;0.899;0.68;0;;0.358;0;;
21.03.2016;TRL-_l;30;0;999;0.999;0.68;0.68;;0.358;0;;
21.03.2016;TRL-_l;65;0;1099;1.099;0.68;0.68;;0.358;0;;
21.03.2016;TRL-_l;30;0;1499;1.499;0.68;0.68;;0.358;0;;
21.03.2016;TRL-_l;65;0;1879;1.879;0.68;0.68;;0.358;0;;
21.03.2016;TRL-_l;5;0;2785;2.785;0.68;0.68;;0.358;0;;
21.03.2016;TRL-_l;20;0;3922;3.922;0.68;0.68;;0.358;0;;
21.03.2016;TRL-_l;65;0;15000;15;0.68;0.68;;0.358;0;;
28.03.2016;TRL-_l;7;5;448;0.448;0.68;0.68;;0.358;0;;
28.03.2016;TRL-_l;6;6;488;0.488;0.488;0;;0.358;0;;
28.03.2016;TRL-_l;35;0;549;0.549;0.488;0;;0.358;0;;
28.03.2016;TRL-_l;5;0;576;0.576;0.488;0.488;;0.358;0;;
28.03.2016;TRL-_l;5;0;599;0.599;0.488;0.488;;0.358;0;;
28.03.2016;TRL-_l;65;0;625;0.625;0.488;0.488;;0.358;0;;
28.03.2016;TRL-_l;5;0;632;0.632;0.488;0.488;;0.358;0;;
28.03.2016;TRL-_l;6;0;697;0.697;0.488;0.488;;0.358;0;;
28.03.2016;TRL-_l;80;0;698;0.698;0.488;0.488;;0.399;0.399;;
28.03.2016;TRL-_l;30;0;1244;1.244;0.488;0.488;;0.44;0.44;;
28.03.2016;TRL-_l;65;0;1599;1.599;0.488;0.488;;0.44;0;;
28.03.2016;TRL-_l;65;0;1879;1.879;0.488;0.488;;0.44;0;;
28.03.2016;TRL-_l;25;0;2666;2.666;0.488;0.488;;0.44;0;;
28.03.2016;TRL-_l;20;0;3872;3.872;0.488;0.488;;0.44;0;;
28.03.2016;TRL-_l;65;0;15000;15;0.488;0.488;;0.44;0;;
04.04.2016;TRL-_l;6;6;425;0.425;0.488;0.488;;0.449;0.449;;
04.04.2016;TRL-_l;5;5;427;0.427;0.427;0;;0.449;0;;
04.04.2016;TRL-_l;80;50;444;0.444;0.444;0;;0.449;0;;
04.04.2016;TRL-_l;65;65;449;0.449;0.449;0;;0.449;0;;
04.04.2016;TRL-_l;5;5;495;0.495;0.495;0;;0.449;0;;
04.04.2016;TRL-_l;50;0;499;0.499;0.495;0;;0.449;0;;
04.04.2016;TRL-_l;5;5;509;0.509;0.509;0;;0.449;0;;
04.04.2016;TRL-_l;5;5;517;0.517;0.517;0;;0.449;0;;
04.04.2016;TRL-_l;6;0;559;0.559;0.517;0;;0.449;0;;
04.04.2016;TRL-_l;65;0;1599;1.599;0.517;0.517;;0.449;0;;
04.04.2016;TRL-_l;30;0;1677;1.677;0.517;0.517;;0.449;0;;
04.04.2016;TRL-_l;10;0;2731;2.731;0.517;0.517;;0.429;0.429;;
04.04.2016;TRL-_l;10;0;3500;3.5;0.517;0.517;;0.429;0;;
04.04.2016;TRL-_l;20;0;3817;3.817;0.517;0.517;;0.429;0;;
04.04.2016;TRL-_l;65;0;6989;6.989;0.517;0.517;;0.429;0;;
04.04.2016;TRL-_l;65;0;15000;15;0.517;0.517;;0.429;0;;
11.04.2016;TRL-_l;5;5;407;0.407;0.517;0.517;;0.429;0;;
11.04.2016;TRL-_l;7;7;411;0.411;0.411;0;;0.429;0;;
11.04.2016;TRL-_l;10;10;420;0.42;0.42;0;;0.429;0;;
11.04.2016;TRL-_l;6;6;429;0.429;0.429;0;;0.429;0;;
11.04.2016;TRL-_l;5;5;436;0.436;0.436;0;;0.429;0;;
11.04.2016;TRL-_l;5;5;437;0.437;0.437;0;;0.399;0.399;;
11.04.2016;TRL-_l;7;7;438;0.438;0.438;0;;0.399;0;;
11.04.2016;TRL-_l;5;5;439;0.439;0.439;0;;0.399;0;;
11.04.2016;TRL-_l;65;65;444;0.444;0.444;0;;0.399;0;;
11.04.2016;TRL-_l;5;0;489;0.489;0.444;0;;0.399;0;;
11.04.2016;TRL-_l;5;0;547;0.547;0.444;0.444;;0.399;0;;
11.04.2016;TRL-_l;5;0;729;0.729;0.444;0.444;;0.399;0;;
11.04.2016;TRL-_l;50;0;760;0.76;0.444;0.444;;0.399;0;;
11.04.2016;TRL-_l;10;0;840;0.84;0.444;0.444;;0.399;0;;
11.04.2016;TRL-_l;65;0;1599;1.599;0.444;0.444;;0.399;0;;
11.04.2016;TRL-_l;30;0;3844;3.844;0.444;0.444;;0.368;0.368;;
11.04.2016;TRL-_l;20;0;3849;3.849;0.444;0.444;;0.368;0;;
11.04.2016;TRL-_l;65;0;6989;6.989;0.444;0.444;;0.368;0;;
11.04.2016;TRL-_l;65;0;15000;15;0.444;0.444;;0.368;0;;
18.04.2016;TRL-_l;5;5;369;0.369;0.444;0.444;;0.368;0;;
18.04.2016;TRL-_l;6;6;379;0.379;0.379;0;;0.368;0;;
18.04.2016;TRL-_l;10;10;380;0.38;0.38;0;;0.368;0;;
18.04.2016;TRL-_l;10;0;398;0.398;0.38;0;;0.368;0;;
18.04.2016;TRL-_l;10;0;398;0.398;0.38;0.38;;0.368;0;;
18.04.2016;TRL-_l;50;35;399;0.399;0.399;0;;0.368;0;;
18.04.2016;TRL-_l;5;0;405;0.405;0.399;0;;0.368;0;;
18.04.2016;TRL-_l;5;0;417;0.417;0.399;0.399;;0.368;0;;
18.04.2016;TRL-_l;5;0;429;0.429;0.399;0.399;;0.368;0;;
18.04.2016;TRL-_l;10;0;436.8;0.4368;0.399;0.399;;0.368;0;;
18.04.2016;TRL-_l;12;0;444;0.444;0.399;0.399;;0.368;0;;
18.04.2016;TRL-_l;10;0;487.2;0.4872;0.399;0.399;;0.368;0;;
18.04.2016;TRL-_l;65;0;525;0.525;0.399;0.399;;0.368;0;;
18.04.2016;TRL-_l;50;0;738;0.738;0.399;0.399;;0.368;0;;
18.04.2016;TRL-_l;5;0;899;0.899;0.399;0.399;;0.368;0;;
18.04.2016;TRL-_l;65;0;1599;1.599;0.399;0.399;;0.335;0.335;;
18.04.2016;TRL-_l;20;0;3849;3.849;0.399;0.399;;0.335;0;;
18.04.2016;TRL-_l;65;0;6989;6.989;0.399;0.399;;0.335;0;;
18.04.2016;TRL-_l;65;0;15000;15;0.399;0.399;;0.335;0;;
18.04.2016;TRL-_l;60;0;65788;65.788;0.399;0.399;;0.335;0;;
25.04.2016;TRL-_l;10;10;338;0.338;0.399;0.399;;0.335;0;;
25.04.2016;TRL-_l;7;7;339;0.339;0.339;0;;0.335;0;;
25.04.2016;TRL-_l;50;35;339;0.339;0.339;0;;0.335;0;;
25.04.2016;TRL-_l;5;5;356;0.356;0.356;0;;0.335;0;;
25.04.2016;TRL-_l;5;5;358;0.358;0.358;0;;0.335;0;;
25.04.2016;TRL-_l;18;0;369;0.369;0.358;0;;0.335;0;;
25.04.2016;TRL-_l;5;0;377;0.377;0.358;0.358;;0.335;0;;
25.04.2016;TRL-_l;6;0;378;0.378;0.358;0.358;;0.335;0;;
25.04.2016;TRL-_l;10;0;386.4;0.3864;0.358;0.358;;0.335;0;;
25.04.2016;TRL-_l;5;0;389;0.389;0.358;0.358;;0.335;0;;
25.04.2016;TRL-_l;5;0;400;0.4;0.358;0.358;;0.335;0;;
25.04.2016;TRL-_l;10;0;420;0.42;0.358;0.358;;0.335;0;;
25.04.2016;TRL-_l;5;0;433;0.433;0.358;0.358;;0.335;0;;
25.04.2016;TRL-_l;65;0;465;0.465;0.358;0.358;;0.335;0;;
25.04.2016;TRL-_l;50;0;716;0.716;0.358;0.358;;0.335;0;;
25.04.2016;TRL-_l;5;0;999;0.999;0.358;0.358;;0.335;0;;
25.04.2016;TRL-_l;10;0;1400;1.4;0.358;0.358;;0.335;0;;
25.04.2016;TRL-_l;65;0;1539;1.539;0.358;0.358;;0.335;0;;
25.04.2016;TRL-_l;20;0;3849;3.849;0.358;0.358;;0.335;0;;
25.04.2016;TRL-_l;65;0;6989;6.989;0.358;0.358;;0.335;0;;
25.04.2016;TRL-_l;60;0;9999;9.999;0.358;0.358;;0.295;0.295;;
25.04.2016;TRL-_l;65;0;15000;15;0.358;0.358;;0.295;0;;
02.05.2016;TRL-_l;10;10;280;0.28;0.358;0.358;;0.295;0;;
02.05.2016;TRL-_l;10;0;300;0.3;0.358;0.358;;0.295;0;;
02.05.2016;TRL-_l;5;0;310;0.31;0.358;0.358;;0.295;0;;
02.05.2016;TRL-_l;6;0;317;0.317;0.358;0.358;;0.295;0;;
02.05.2016;TRL-_l;5;0;318;0.318;0.358;0.358;;0.295;0;;
02.05.2016;TRL-_l;5;0;347;0.347;0.358;0.358;;0.295;0;;
02.05.2016;TRL-_l;10;0;351;0.351;0.358;0.358;;0.295;0;;
02.05.2016;TRL-_l;5;0;359;0.359;0.358;0.358;;0.295;0;;
02.05.2016;TRL-_l;18;0;393;0.393;0.358;0.358;;0.295;0;;
02.05.2016;TRL-_l;50;0;399;0.399;0.358;0.358;;0.295;0;;
02.05.2016;TRL-_l;18;0;403.2;0.4032;0.358;0.358;;0.295;0;;
02.05.2016;TRL-_l;65;0;528;0.528;0.358;0.358;;0.295;0;;
02.05.2016;TRL-_l;50;0;862;0.862;0.358;0.358;;0.295;0;;
02.05.2016;TRL-_l;5;0;999;0.999;0.358;0.358;;0.295;0;;
02.05.2016;TRL-_l;5;0;1368;1.368;0.358;0.358;;0.295;0;;
02.05.2016;TRL-_l;65;0;1539;1.539;0.358;0.358;;0.295;0;;
02.05.2016;TRL-_l;5;0;1568;1.568;0.358;0.358;;0.248;0.248;;
02.05.2016;TRL-_l;25;0;2395;2.395;0.358;0.358;;0.248;0;;
02.05.2016;TRL-_l;20;0;3849;3.849;0.358;0.358;;0.248;0;;
02.05.2016;TRL-_l;65;0;6989;6.989;0.358;0.358;;0.248;0;;
02.05.2016;TRL-_l;65;0;15000;15;0.358;0.358;;0.248;0;;
02.05.2016;TRL-_l;60;0;99999;99.999;0.358;0.358;;0.248;0;;
09.05.2016;TRL-_l;5;5;247;0.247;0.358;0.358;;0.248;0;;
09.05.2016;TRL-_l;5;5;277;0.277;0.277;0;;0.248;0;;
09.05.2016;TRL-_l;5;5;300;0.3;0.3;0;;0.248;0;;
09.05.2016;TRL-_l;7;7;339;0.339;0.339;0;;0.248;0;;
09.05.2016;TRL-_l;7;7;368;0.368;0.368;0;;0.248;0;;
09.05.2016;TRL-_l;75;55;391;0.391;0.391;0;;0.248;0;;
09.05.2016;TRL-_l;60;10;399;0.399;0.399;0;;0.248;0;;
09.05.2016;TRL-_l;15;15;399;0.399;0.399;0;;0.248;0;;
09.05.2016;TRL-_l;5;5;399;0.399;0.399;0.399;;0.248;0;;
09.05.2016;TRL-_l;5;5;424;0.424;0.424;0;;0.248;0;;
09.05.2016;TRL-_l;8;0;438;0.438;0.424;0;;0.248;0;;
09.05.2016;TRL-_l;30;30;440;0.44;0.44;0;;0.248;0;;
09.05.2016;TRL-_l;100;0;599;0.599;0.44;0;;0.248;0;;
09.05.2016;TRL-_l;50;0;767;0.767;0.44;0.44;;0.248;0;;
09.05.2016;TRL-_l;5;0;999;0.999;0.44;0.44;;0.248;0;;
09.05.2016;TRL-_l;20;0;3898;3.898;0.44;0.44;;0.248;0;;
09.05.2016;TRL-_l;65;0;6989;6.989;0.44;0.44;;0.248;0;;
09.05.2016;TRL-_l;65;0;15000;15;0.44;0.44;;0.248;0;;
16.05.2016;TRL-_l;10;10;287;0.287;0.44;0.44;;0.248;0;;
16.05.2016;TRL-_l;10;10;320;0.32;0.32;0;;0.248;0;;
16.05.2016;TRL-_l;7;7;327;0.327;0.327;0;;0.248;0;;
16.05.2016;TRL-_l;5;5;340;0.34;0.34;0;;0.248;0;;
16.05.2016;TRL-_l;10;10;357;0.357;0.357;0;;0.175;0.175;;
16.05.2016;TRL-_l;8;8;359;0.359;0.359;0;;0.175;0;;
16.05.2016;TRL-_l;7;7;359;0.359;0.359;0;;0.175;0;;
16.05.2016;TRL-_l;5;5;379;0.379;0.379;0;;0.175;0;;
16.05.2016;TRL-_l;15;15;396;0.396;0.396;0;;0.175;0;;
16.05.2016;TRL-_l;50;35;399;0.399;0.399;0;;0.175;0;;
16.05.2016;TRL-_l;5;5;410;0.41;0.41;0;;0.175;0;;
16.05.2016;TRL-_l;5;5;420;0.42;0.42;0;;0.175;0;;
16.05.2016;TRL-_l;5;5;429;0.429;0.429;0;;0.175;0;;
16.05.2016;TRL-_l;30;0;434;0.434;0.429;0;;0.175;0;;
16.05.2016;TRL-_l;75;45;449;0.449;0.449;0;;0.175;0;;
16.05.2016;TRL-_l;5;0;479;0.479;0.449;0;;0.175;0;;
16.05.2016;TRL-_l;5;0;492;0.492;0.449;0.449;;0.175;0;;
16.05.2016;TRL-_l;100;0;528;0.528;0.449;0.449;;0.175;0;;
16.05.2016;TRL-_l;5;0;599;0.599;0.449;0.449;;0.175;0;;
16.05.2016;TRL-_l;50;0;839;0.839;0.449;0.449;;0.175;0;;
16.05.2016;TRL-_l;25;0;1176;1.176;0.449;0.449;;0.175;0;;
16.05.2016;TRL-_l;10;0;1600;1.6;0.449;0.449;;0.175;0;;
16.05.2016;TRL-_l;5;0;2222;2.222;0.449;0.449;;0.175;0;;
16.05.2016;TRL-_l;20;0;3970;3.97;0.449;0.449;;0.175;0;;
16.05.2016;TRL-_l;65;0;6989;6.989;0.449;0.449;;0.175;0;;
16.05.2016;TRL-_l;65;0;15000;15;0.449;0.449;;0.175;0;;
23.05.2016;TRL-_l;7;7;298;0.298;0.449;0.449;;0.175;0;;
23.05.2016;TRL-_l;15;15;317;0.317;0.317;0;;0.175;0;;
23.05.2016;TRL-_l;15;15;348;0.348;0.348;0;;0.146;0.146;;
23.05.2016;TRL-_l;5;5;350;0.35;0.35;0;;0.146;0;;
23.05.2016;TRL-_l;5;5;357;0.357;0.357;0;;0.146;0;;
23.05.2016;TRL-_l;8;8;359;0.359;0.359;0;;0.146;0;;
23.05.2016;TRL-_l;25;25;366;0.366;0.366;0;;0.146;0;;
23.05.2016;TRL-_l;75;45;388;0.388;0.388;0;;0.146;0;;
23.05.2016;TRL-_l;10;10;397;0.397;0.397;0;;0.146;0;;
23.05.2016;TRL-_l;10;10;398;0.398;0.398;0;;0.146;0;;
23.05.2016;TRL-_l;10;10;399;0.399;0.399;0;;0.146;0;;
23.05.2016;TRL-_l;5;5;429;0.429;0.429;0;;0.146;0;;
23.05.2016;TRL-_l;5;0;439;0.439;0.429;0;;0.146;0;;
23.05.2016;TRL-_l;5;0;478;0.478;0.429;0.429;;0.146;0;;
23.05.2016;TRL-_l;5;0;504;0.504;0.429;0.429;;0.146;0;;
23.05.2016;TRL-_l;100;0;528;0.528;0.429;0.429;;0.146;0;;
23.05.2016;TRL-_l;5;0;549;0.549;0.429;0.429;;0.146;0;;
23.05.2016;TRL-_l;5;0;799;0.799;0.429;0.429;;0.146;0;;
23.05.2016;TRL-_l;50;0;825;0.825;0.429;0.429;;0.146;0;;
23.05.2016;TRL-_l;20;0;3956;3.956;0.429;0.429;;0.146;0;;
23.05.2016;TRL-_l;65;0;6989;6.989;0.429;0.429;;0.139;0.139;;
23.05.2016;TRL-_l;65;0;15000;15;0.429;0.429;;0.139;0;;
30.05.2016;TRL-_l;8;8;298;0.298;0.429;0.429;;0.139;0;;
30.05.2016;TRL-_l;15;15;338;0.338;0.338;0;;0.139;0;;
30.05.2016;TRL-_l;15;15;345;0.345;0.345;0;;0.139;0;;
30.05.2016;TRL-_l;8;8;349;0.349;0.349;0;;0.139;0;;
30.05.2016;TRL-_l;5;5;365;0.365;0.365;0;;0.139;0;;
30.05.2016;TRL-_l;10;10;368;0.368;0.368;0;;0.139;0;;
30.05.2016;TRL-_l;10;10;378;0.378;0.378;0;;0.139;0;;
30.05.2016;TRL-_l;5;5;380;0.38;0.38;0;;0.139;0;;
30.05.2016;TRL-_l;15;15;380;0.38;0.38;0;;0.139;0;;
30.05.2016;TRL-_l;75;55;386;0.386;0.386;0;;0.139;0;;
30.05.2016;TRL-_l;30;30;399;0.399;0.399;0;;0.139;0;;
30.05.2016;TRL-_l;5;5;399;0.399;0.399;0;;0.139;0;;
30.05.2016;TRL-_l;30;0;435;0.435;0.399;0.399;;0.139;0;;
30.05.2016;TRL-_l;50;0;807;0.807;0.399;0.399;;0.139;0;;
30.05.2016;TRL-_l;5;0;999;0.999;0.399;0.399;;0.125;0.125;;
30.05.2016;TRL-_l;25;0;1200;1.2;0.399;0.399;;0.125;0;;
30.05.2016;TRL-_l;35;0;2000;2;0.399;0.399;;0.125;0;;
30.05.2016;TRL-_l;25;0;2999;2.999;0.399;0.399;;0.125;0;;
30.05.2016;TRL-_l;20;0;3956;3.956;0.399;0.399;;0.125;0;;
30.05.2016;TRL-_l;35;0;15000;15;0.399;0.399;;0.125;0;;
30.05.2016;TRL-_l;35;0;25000;25;0.399;0.399;;0.125;0;;
06.06.2016;TRL-_l;6;6;305;0.305;0.399;0.399;;0.125;0;;
06.06.2016;TRL-_l;8;8;327;0.327;0.327;0;;0.125;0;;
06.06.2016;TRL-_l;7;7;333;0.333;0.333;0;;0.125;0;;
06.06.2016;TRL-_l;5;5;336;0.336;0.336;0;;0.125;0;;
06.06.2016;TRL-_l;20;20;336;0.336;0.336;0;;0.92;0.92;;
06.06.2016;TRL-_l;5;5;345;0.345;0.345;0;;0.172;0.172;;
06.06.2016;TRL-_l;15;15;345;0.345;0.345;0;;0.172;0;;
06.06.2016;TRL-_l;10;10;348;0.348;0.348;0;;0.172;0;;
06.06.2016;TRL-_l;8;8;349;0.349;0.349;0;;0.172;0;;
06.06.2016;TRL-_l;15;15;355;0.355;0.355;0;;0.172;0;;
06.06.2016;TRL-_l;10;10;368;0.368;0.368;0;;0.172;0;;
06.06.2016;TRL-_l;5;5;368;0.368;0.368;0;;0.172;0;;
06.06.2016;TRL-_l;30;0;370;0.37;0.368;0.368;;0.172;0;;
06.06.2016;TRL-_l;5;0;376;0.376;0.368;0.368;;0.172;0;;
06.06.2016;TRL-_l;10;0;378;0.378;0.368;0.368;;0.172;0;;
06.06.2016;TRL-_l;20;0;399;0.399;0.368;0.368;;0.172;0;;
06.06.2016;TRL-_l;5;0;420;0.42;0.368;0.368;;0.172;0;;
06.06.2016;TRL-_l;5;0;422;0.422;0.368;0.368;;0.172;0;;
06.06.2016;TRL-_l;75;0;457;0.457;0.368;0.368;;0.172;0;;
06.06.2016;TRL-_l;10;0;535;0.535;0.368;0.368;;0.172;0;;
06.06.2016;TRL-_l;5;0;598;0.598;0.368;0.368;;0.172;0;;
06.06.2016;TRL-_l;20;0;685;0.685;0.368;0.368;;0.172;0;;
06.06.2016;TRL-_l;10;0;799;0.799;0.368;0.368;;0.172;0;;
06.06.2016;TRL-_l;50;0;830;0.83;0.368;0.368;;0.172;0;;
06.06.2016;TRL-_l;5;0;999;0.999;0.368;0.368;;0.172;0;;
06.06.2016;TRL-_l;35;0;2000;2;0.368;0.368;;0.172;0;;
06.06.2016;TRL-_l;20;0;3979;3.979;0.368;0.368;;0.172;0;;
06.06.2016;TRL-_l;30;0;9999;9.999;0.368;0.368;;0.172;0;;
06.06.2016;TRL-_l;35;0;15000;15;0.368;0.368;;0.172;0;;
06.06.2016;TRL-_l;35;0;25000;25;0.368;0.368;;0.172;0;;
13.06.2016;TRL-_l;8;8;296;0.296;0.368;0.368;;0.172;0;;
13.06.2016;TRL-_l;6;6;300;0.3;0.3;0;;0.172;0;;
13.06.2016;TRL-_l;20;20;319.2;0.3192;0.3192;0;;0.172;0;;
13.06.2016;TRL-_l;8;8;327;0.327;0.327;0;;0.127;0.127;;
13.06.2016;TRL-_l;10;10;328;0.328;0.328;0;;0.158;0.158;;
13.06.2016;TRL-_l;8;8;335;0.335;0.335;0;;0.158;0;;
13.06.2016;TRL-_l;20;20;335;0.335;0.335;0;;0.158;0;;
13.06.2016;TRL-_l;15;15;335;0.335;0.335;0.335;;0.158;0;;
13.06.2016;TRL-_l;5;0;337;0.337;0.335;0.335;;0.158;0;;
13.06.2016;TRL-_l;10;0;338;0.338;0.335;0.335;;0.158;0;;
13.06.2016;TRL-_l;5;0;339;0.339;0.335;0.335;;0.158;0;;
13.06.2016;TRL-_l;5;0;342;0.342;0.335;0.335;;0.137;0.137;;
13.06.2016;TRL-_l;10;0;342;0.342;0.335;0.335;;0.137;0;;
13.06.2016;TRL-_l;7;0;344;0.344;0.335;0.335;;0.137;0;;
13.06.2016;TRL-_l;5;0;345;0.345;0.335;0.335;;0.137;0;;
13.06.2016;TRL-_l;10;0;348;0.348;0.335;0.335;;0.137;0;;
13.06.2016;TRL-_l;5;0;353;0.353;0.335;0.335;;0.137;0;;
13.06.2016;TRL-_l;5;0;354;0.354;0.335;0.335;;0.137;0;;
13.06.2016;TRL-_l;30;0;355;0.355;0.335;0.335;;0.137;0;;
13.06.2016;TRL-_l;5;0;385;0.385;0.335;0.335;;0.137;0;;
13.06.2016;TRL-_l;5;0;420;0.42;0.335;0.335;;0.137;0;;
13.06.2016;TRL-_l;75;0;457;0.457;0.335;0.335;;0.137;0;;
13.06.2016;TRL-_l;5;0;460;0.46;0.335;0.335;;0.137;0;;
13.06.2016;TRL-_l;5;0;510;0.51;0.335;0.335;;0.137;0;;
13.06.2016;TRL-_l;65;0;750;0.75;0.335;0.335;;0.137;0;;
13.06.2016;TRL-_l;50;0;830;0.83;0.335;0.335;;0.297;0.297;;
13.06.2016;TRL-_l;5;0;999;0.999;0.335;0.335;;0.297;0;;
13.06.2016;TRL-_l;65;0;1500;1.5;0.335;0.335;;0.297;0;;
13.06.2016;TRL-_l;20;0;3979;3.979;0.335;0.335;;0.297;0;;
13.06.2016;TRL-_l;65;0;15000;15;0.335;0.335;;0.297;0;;
13.06.2016;TRL-_l;65;0;25000;25;0.335;0.335;;0.297;0;;
20.06.2016;TRL-_l;8;8;227;0.227;0.335;0.335;;0.297;0;;
20.06.2016;TRL-_l;15;15;247;0.247;0.247;0;;0.297;0;;
20.06.2016;TRL-_l;6;6;265;0.265;0.265;0;;0.297;0;;
20.06.2016;TRL-_l;5;5;267;0.267;0.267;0;;0.297;0;;
20.06.2016;TRL-_l;10;10;288;0.288;0.288;0;;0.297;0;;
20.06.2016;TRL-_l;8;8;290;0.29;0.29;0;;0.297;0;;
20.06.2016;TRL-_l;35;35;295;0.295;0.295;0;;0.399;0.399;;
20.06.2016;TRL-_l;5;0;297;0.297;0.295;0;;0.399;0;;
20.06.2016;TRL-_l;10;0;298;0.298;0.295;0.295;;0.399;0;;
20.06.2016;TRL-_l;5;0;299;0.299;0.295;0.295;;0.399;0;;
20.06.2016;TRL-_l;20;0;302.4;0.3024;0.295;0.295;;0.399;0;;
20.06.2016;TRL-_l;10;0;308;0.308;0.295;0.295;;0.399;0;;
20.06.2016;TRL-_l;5;0;318;0.318;0.295;0.295;;0.399;0;;
20.06.2016;TRL-_l;8;0;319;0.319;0.295;0.295;;0.399;0;;
20.06.2016;TRL-_l;7;0;319;0.319;0.295;0.295;;0.399;0;;
20.06.2016;TRL-_l;20;0;329;0.329;0.295;0.295;;0.399;0;;
20.06.2016;TRL-_l;5;0;333;0.333;0.295;0.295;;0.399;0;;
20.06.2016;TRL-_l;5;0;334;0.334;0.295;0.295;;0.388;0.388;;
20.06.2016;TRL-_l;10;0;350;0.35;0.295;0.295;;0.388;0;;
20.06.2016;TRL-_l;75;0;409;0.409;0.295;0.295;;0.388;0;;
20.06.2016;TRL-_l;50;0;830;0.83;0.295;0.295;;0.388;0;;
20.06.2016;TRL-_l;30;0;999;0.999;0.295;0.295;;0.388;0;;
20.06.2016;TRL-_l;5;0;999;0.999;0.295;0.295;;0.388;0;;
20.06.2016;TRL-_l;25;0;3346;3.346;0.295;0.295;;0.388;0;;
20.06.2016;TRL-_l;20;0;3979;3.979;0.295;0.295;;0.388;0;;
27.06.2016;TRL-_l;15;15;157;0.157;0.295;0.295;;0.388;0;;
27.06.2016;TRL-_l;10;10;177;0.177;0.177;0;;0.388;0;;
27.06.2016;TRL-_l;5;5;197;0.197;0.197;0;;0.388;0;;
27.06.2016;TRL-_l;8;8;235;0.235;0.235;0;;0.388;0;;
27.06.2016;TRL-_l;5;5;235;0.235;0.235;0;;0.31;0.31;;
27.06.2016;TRL-_l;8;8;239;0.239;0.239;0;;0.31;0;;
27.06.2016;TRL-_l;5;5;245;0.245;0.245;0;;0.31;0;;
27.06.2016;TRL-_l;30;30;245;0.245;0.245;0;;0.31;0;;
27.06.2016;TRL-_l;10;10;248;0.248;0.248;0;;0.31;0;;
27.06.2016;TRL-_l;20;0;252;0.252;0.248;0;;0.31;0;;
27.06.2016;TRL-_l;5;0;255;0.255;0.248;0.248;;0.31;0;;
27.06.2016;TRL-_l;5;0;255;0.255;0.248;0.248;;0.31;0;;
27.06.2016;TRL-_l;20;0;255;0.255;0.248;0.248;;0.31;0;;
27.06.2016;TRL-_l;7;0;258;0.258;0.248;0.248;;0.31;0;;
27.06.2016;TRL-_l;10;0;263;0.263;0.248;0.248;;0.31;0;;
27.06.2016;TRL-_l;5;0;265;0.265;0.248;0.248;;0.26;0.26;;
27.06.2016;TRL-_l;5;0;268;0.268;0.248;0.248;;0.26;0;;
27.06.2016;TRL-_l;6;0;269;0.269;0.248;0.248;;0.26;0;;
27.06.2016;TRL-_l;5;0;275;0.275;0.248;0.248;;0.26;0;;
27.06.2016;TRL-_l;5;0;283;0.283;0.248;0.248;;0.26;0;;
27.06.2016;TRL-_l;5;0;285;0.285;0.248;0.248;;0.26;0;;
27.06.2016;TRL-_l;5;0;285;0.285;0.248;0.248;;0.26;0;;
27.06.2016;TRL-_l;20;0;285.6;0.2856;0.248;0.248;;0.26;0;;
27.06.2016;TRL-_l;10;0;288;0.288;0.248;0.248;;0.26;0;;
27.06.2016;TRL-_l;10;0;296;0.296;0.248;0.248;;0.26;0;;
27.06.2016;TRL-_l;5;0;325;0.325;0.248;0.248;;0.26;0;;
27.06.2016;TRL-_l;5;0;328;0.328;0.248;0.248;;0.26;0;;
27.06.2016;TRL-_l;5;0;395;0.395;0.248;0.248;;0.26;0;;
27.06.2016;TRL-_l;75;0;395;0.395;0.248;0.248;;0.26;0;;
27.06.2016;TRL-_l;5;0;495;0.495;0.248;0.248;;0.26;0;;
27.06.2016;TRL-_l;5;0;695;0.695;0.248;0.248;;0.292;0.292;;
27.06.2016;TRL-_l;10;0;699;0.699;0.248;0.248;;0.292;0;;
27.06.2016;TRL-_l;50;0;830;0.83;0.248;0.248;;0.292;0;;
27.06.2016;TRL-_l;5;0;995;0.995;0.248;0.248;;0.292;0;;
27.06.2016;TRL-_l;7;0;1499;1.499;0.248;0.248;;0.292;0;;
27.06.2016;TRL-_l;20;0;3979;3.979;0.248;0.248;;0.292;0;;
27.06.2016;TRL-_l;60;0;19322;19.322;0.248;0.248;;0.292;0;;
04.07.2016;TRL-_l;10;10;138;0.138;0.248;0.248;;0.292;0;;
04.07.2016;TRL-_l;10;10;148;0.148;0.148;0;;0.292;0;;
04.07.2016;TRL-_l;13;13;157;0.157;0.157;0;;0.292;0;;
04.07.2016;TRL-_l;10;10;158;0.158;0.158;0;;0.292;0;;
04.07.2016;TRL-_l;15;0;174;0.174;0.158;0;;0.292;0;;
04.07.2016;TRL-_l;30;30;175;0.175;0.175;0;;0.292;0;;
04.07.2016;TRL-_l;8;0;185;0.185;0.175;0;;0.292;0;;
04.07.2016;TRL-_l;8;0;186;0.186;0.175;0.175;;0.292;0;;
04.07.2016;TRL-_l;10;0;189;0.189;0.175;0.175;;0.292;0;;
04.07.2016;TRL-_l;5;0;189;0.189;0.175;0.175;;0.349;0.349;;
04.07.2016;TRL-_l;6;0;190;0.19;0.175;0.175;;0.349;0;;
04.07.2016;TRL-_l;10;0;211;0.211;0.175;0.175;;0.349;0;;
04.07.2016;TRL-_l;20;0;218.4;0.2184;0.175;0.175;;0.349;0;;
04.07.2016;TRL-_l;5;0;225;0.225;0.175;0.175;;0.349;0;;
04.07.2016;TRL-_l;15;0;229;0.229;0.175;0.175;;0.349;0;;
04.07.2016;TRL-_l;10;0;245;0.245;0.175;0.175;;0.349;0;;
04.07.2016;TRL-_l;5;0;248;0.248;0.175;0.175;;0.349;0;;
04.07.2016;TRL-_l;5;0;249;0.249;0.175;0.175;;0.349;0;;
04.07.2016;TRL-_l;20;0;252;0.252;0.175;0.175;;0.349;0;;
04.07.2016;TRL-_l;10;0;308;0.308;0.175;0.175;;0.349;0;;
04.07.2016;TRL-_l;5;0;325;0.325;0.175;0.175;;0.398;0.398;;
04.07.2016;TRL-_l;75;0;395;0.395;0.175;0.175;;0.398;0;;
04.07.2016;TRL-_l;8;0;399;0.399;0.175;0.175;;0.398;0;;
04.07.2016;TRL-_l;15;0;430;0.43;0.175;0.175;;0.398;0;;
04.07.2016;TRL-_l;10;0;449;0.449;0.175;0.175;;0.398;0;;
04.07.2016;TRL-_l;20;0;650;0.65;0.175;0.175;;1.256;1.256;;
04.07.2016;TRL-_l;50;0;830;0.83;0.175;0.175;;1.256;0;;
04.07.2016;TRL-_l;20;0;3979;3.979;0.175;0.175;;1.256;0;;
04.07.2016;TRL-_l;20;0;9999;9.999;0.175;0.175;;1.256;0;;
04.07.2016;TRL-_l;60;0;9999;9.999;0.175;0.175;;1.256;0;;
11.07.2016;TRL-_l;15;15;110;0.11;0.175;0.175;;1.14;1.14;;
11.07.2016;TRL-_l;6;6;110;0.11;0.11;0;;1.14;0;;
11.07.2016;TRL-_l;10;10;115;0.115;0.115;0;;1.14;0;;
11.07.2016;TRL-_l;5;5;117;0.117;0.117;0;;1.14;0;;
11.07.2016;TRL-_l;15;15;138;0.138;0.138;0;;1.14;0;;
11.07.2016;TRL-_l;9;9;146;0.146;0.146;0;;1.14;0;;
11.07.2016;TRL-_l;13;0;153;0.153;0.146;0;;1.14;0;;
11.07.2016;TRL-_l;5;0;154;0.154;0.146;0.146;;1.14;0;;
11.07.2016;TRL-_l;22;0;155;0.155;0.146;0.146;;1.14;0;;
11.07.2016;TRL-_l;5;0;163;0.163;0.146;0.146;;1.14;0;;
11.07.2016;TRL-_l;5;0;164;0.164;0.146;0.146;;1.49;1.49;;
11.07.2016;TRL-_l;8;0;165;0.165;0.146;0.146;;1.49;0;;
11.07.2016;TRL-_l;20;0;168;0.168;0.146;0.146;;1.49;0;;
11.07.2016;TRL-_l;20;0;169;0.169;0.146;0.146;;1.49;0;;
11.07.2016;TRL-_l;10;0;175;0.175;0.146;0.146;;1.49;0;;
11.07.2016;TRL-_l;5;0;199;0.199;0.146;0.146;;1.49;0;;
11.07.2016;TRL-_l;75;0;218;0.218;0.146;0.146;;1.49;0;;
11.07.2016;TRL-_l;20;0;252;0.252;0.146;0.146;;1.148;1.148;;
11.07.2016;TRL-_l;10;0;269;0.269;0.146;0.146;;1.148;0;;
11.07.2016;TRL-_l;20;0;279;0.279;0.146;0.146;;1.148;0;;
11.07.2016;TRL-_l;50;0;830;0.83;0.146;0.146;;1.148;0;;
11.07.2016;TRL-_l;50;0;1200;1.2;0.146;0.146;;1.148;0;;
11.07.2016;TRL-_l;20;0;3979;3.979;0.146;0.146;;1.299;1.299;;
11.07.2016;TRL-_l;60;0;9999;9.999;0.146;0.146;;1.299;0;;
18.07.2016;TRL-_l;15;15;94;0.094;0.146;0.146;;1.299;0;;
18.07.2016;TRL-_l;10;10;96;0.096;0.096;0;;1.299;0;;
18.07.2016;TRL-_l;5;5;98;0.098;0.098;0;;1.299;0;;
18.07.2016;TRL-_l;5;5;110;0.11;0.11;0;;1.299;0;;
18.07.2016;TRL-_l;23;23;115;0.115;0.115;0;;1.299;0;;
18.07.2016;TRL-_l;5;5;122;0.122;0.122;0;;1.299;0;;
18.07.2016;TRL-_l;5;5;124;0.124;0.124;0;;2.495;2.495;;
18.07.2016;TRL-_l;16;16;125;0.125;0.125;0;;2.495;0;;
18.07.2016;TRL-_l;13;10;133;0.133;0.133;0;;2.495;0;;
18.07.2016;TRL-_l;15;15;139;0.139;0.139;0;;2.495;0;;
18.07.2016;TRL-_l;7;0;147;0.147;0.139;0;;2.495;0;;
18.07.2016;TRL-_l;40;0;151.2;0.1512;0.139;0.139;;2.495;0;;
18.07.2016;TRL-_l;5;0;168;0.168;0.139;0.139;;2.495;0;;
18.07.2016;TRL-_l;5;0;199;0.199;0.139;0.139;;2.495;0;;
18.07.2016;TRL-_l;15;0;199;0.199;0.139;0.139;;2.495;0;;
18.07.2016;TRL-_l;75;0;217;0.217;0.139;0.139;;1.984;1.984;;
18.07.2016;TRL-_l;10;0;300;0.3;0.139;0.139;;1.984;0;;
18.07.2016;TRL-_l;10;0;392;0.392;0.139;0.139;;1.984;0;;
18.07.2016;TRL-_l;10;0;399;0.399;0.139;0.139;;1.984;0;;
18.07.2016;TRL-_l;10;0;600;0.6;0.139;0.139;;1.984;0;;
18.07.2016;TRL-_l;50;0;834;0.834;0.139;0.139;;1.984;0;;
18.07.2016;TRL-_l;10;0;1333;1.333;0.139;0.139;;1.984;0;;
18.07.2016;TRL-_l;20;0;2333;2.333;0.139;0.139;;1.745;1.745;;
18.07.2016;TRL-_l;8;0;2499;2.499;0.139;0.139;;1.745;0;;
18.07.2016;TRL-_l;20;0;3979;3.979;0.139;0.139;;1.745;0;;
18.07.2016;TRL-_l;60;0;9999;9.999;0.139;0.139;;1.745;0;;
25.07.2016;TRL-_l;15;15;85;0.085;0.139;0.139;;1.745;0;;
25.07.2016;TRL-_l;10;10;87;0.087;0.087;0;;1.745;0;;
25.07.2016;TRL-_l;5;5;89;0.089;0.089;0;;1.745;0;;
25.07.2016;TRL-_l;5;5;99;0.099;0.099;0;;1.745;0;;
25.07.2016;TRL-_l;5;5;112;0.112;0.112;0;;1.562;1.562;;
25.07.2016;TRL-_l;5;5;114;0.114;0.114;0;;1.989;1.989;;
25.07.2016;TRL-_l;23;23;115;0.115;0.115;0;;1.989;0;;
25.07.2016;TRL-_l;14;14;120;0.12;0.12;0;;1.444;1.444;;
25.07.2016;TRL-_l;20;20;120;0.12;0.12;0;;1.444;0;;
25.07.2016;TRL-_l;75;25;122;0.122;0.122;0;;1.444;0;;
25.07.2016;TRL-_l;16;16;125;0.125;0.125;0;;1.444;0;;
25.07.2016;TRL-_l;8;0;128;0.128;0.125;0;;1.444;0;;
25.07.2016;TRL-_l;5;0;132.05;0.13205;0.125;0.125;;1.444;0;;
25.07.2016;TRL-_l;5;0;148.01;0.14801;0.125;0.125;;1.444;0;;
25.07.2016;TRL-_l;20;0;151.2;0.1512;0.125;0.125;;1.444;0;;
25.07.2016;TRL-_l;25;0;168;0.168;0.125;0.125;;1.444;0;;
25.07.2016;TRL-_l;5;0;178;0.178;0.125;0.125;;1.444;0;;
25.07.2016;TRL-_l;5;0;198;0.198;0.125;0.125;;1.444;0;;
25.07.2016;TRL-_l;50;0;808;0.808;0.125;0.125;;1.699;1.699;;
25.07.2016;TRL-_l;8;0;2355;2.355;0.125;0.125;;1.699;0;;
25.07.2016;TRL-_l;20;0;3973;3.973;0.125;0.125;;1.699;0;;
25.07.2016;TRL-_l;60;0;9999;9.999;0.125;0.125;;1.699;0;;
01.08.2016;TRL-_l;10;10;79;0.079;0.125;0.125;;1.699;0;;
01.08.2016;TRL-_l;5;5;79;0.079;0.079;0;;1.699;0;;
01.08.2016;TRL-_l;15;15;79;0.079;0.079;0;;1.699;0;;
01.08.2016;TRL-_l;25;19;92;0.092;0.092;0;;1.699;0;;
01.08.2016;TRL-_l;25;0;100.8;0.1008;0.092;0;;1.699;0;;
01.08.2016;TRL-_l;20;0;105;0.105;0.092;0.092;;1.699;0;;
01.08.2016;TRL-_l;5;5;105;0.105;0.105;0;;;;;
01.08.2016;TRL-_l;16;0;106;0.106;0.105;0;;;;;
01.08.2016;TRL-_l;7;7;107.02;0.10702;0.10702;0;;;;;
01.08.2016;TRL-_l;5;0;108;0.108;0.10702;0;;;;;
01.08.2016;TRL-_l;5;0;113;0.113;0.10702;0.10702;;;;;
01.08.2016;TRL-_l;16;0;116;0.116;0.10702;0.10702;;;;;
01.08.2016;TRL-_l;5;0;118;0.118;0.10702;0.10702;;;;;
01.08.2016;TRL-_l;9;0;118;0.118;0.10702;0.10702;;;;;
01.08.2016;TRL-_l;5;0;118.94;0.11894;0.10702;0.10702;;;;;
01.08.2016;TRL-_l;5;0;120;0.12;0.10702;0.10702;;;;;
01.08.2016;TRL-_l;5;0;133;0.133;0.10702;0.10702;;;;;
01.08.2016;TRL-_l;5;0;139;0.139;0.10702;0.10702;;;;;
01.08.2016;TRL-_l;5;0;160;0.16;0.10702;0.10702;;;;;
01.08.2016;TRL-_l;20;0;168;0.168;0.10702;0.10702;;;;;
01.08.2016;TRL-_l;75;0;207;0.207;0.10702;0.10702;;;;;
01.08.2016;TRL-_l;5;0;280;0.28;0.10702;0.10702;;;;;
01.08.2016;TRL-_l;10;0;399;0.399;0.10702;0.10702;;;;;
01.08.2016;TRL-_l;10;0;444;0.444;0.10702;0.10702;;;;;
01.08.2016;TRL-_l;5;0;450;0.45;0.10702;0.10702;;;;;
01.08.2016;TRL-_l;10;0;499;0.499;0.10702;0.10702;;;;;
01.08.2016;TRL-_l;10;0;564;0.564;0.10702;0.10702;;;;;
01.08.2016;TRL-_l;65;0;599;0.599;0.10702;0.10702;;;;;
01.08.2016;TRL-_l;5;0;800;0.8;0.10702;0.10702;;;;;
01.08.2016;TRL-_l;50;0;824;0.824;0.10702;0.10702;;;;;
01.08.2016;TRL-_l;100;0;999;0.999;0.10702;0.10702;;;;;
01.08.2016;TRL-_l;5;0;1500;1.5;0.10702;0.10702;;;;;
01.08.2016;TRL-_l;10;0;1999;1.999;0.10702;0.10702;;;;;
01.08.2016;TRL-_l;8;0;2137;2.137;0.10702;0.10702;;;;;
01.08.2016;TRL-_l;10;0;2450;2.45;0.10702;0.10702;;;;;
01.08.2016;TRL-_l;5;0;3000;3;0.10702;0.10702;;;;;
01.08.2016;TRL-_l;20;0;3989;3.989;0.10702;0.10702;;;;;
08.08.2016;TRL-_l;15;15;74;0.074;0.10702;0.10702;;;;;
08.08.2016;TRL-_l;24;24;75;0.075;0.075;0;;;;;
08.08.2016;TRL-_l;10;10;76;0.076;0.076;0;;;;;
08.08.2016;TRL-_l;5;5;78;0.078;0.078;0;;;;;
08.08.2016;TRL-_l;6;6;84;0.084;0.084;0;;;;;
08.08.2016;TRL-_l;8;8;84;0.084;0.084;0;;;;;
08.08.2016;TRL-_l;16;16;88;0.088;0.088;0;;;;;
08.08.2016;TRL-_l;5;5;96;0.096;0.096;0;;;;;
08.08.2016;TRL-_l;5;5;99;0.099;0.099;0;;;;;
08.08.2016;TRL-_l;6;6;102;0.102;0.102;0;;;;;
08.08.2016;TRL-_l;5;5;109;0.109;0.109;0;;;;;
08.08.2016;TRL-_l;75;25;117;0.117;0.117;0;;;;;
08.08.2016;TRL-_l;20;20;117.6;0.1176;0.1176;0;;;;;
08.08.2016;TRL-_l;5;5;127;0.127;0.127;0;;;;;
08.08.2016;TRL-_l;20;0;150;0.15;0.127;0;;;;;
08.08.2016;TRL-_l;25;0;151.2;0.1512;0.127;0.127;;;;;
08.08.2016;TRL-_l;5;5;158;0.158;0.158;0;;;;;
08.08.2016;TRL-_l;65;0;599;0.599;0.158;0;;;;;
08.08.2016;TRL-_l;50;0;804;0.804;0.158;0.158;;;;;
08.08.2016;TRL-_l;100;0;999;0.999;0.158;0.158;;;;;
08.08.2016;TRL-_l;25;0;1000;1;0.158;0.158;;;;;
08.08.2016;TRL-_l;8;0;2399;2.399;0.158;0.158;;;;;
08.08.2016;TRL-_l;20;0;3969;3.969;0.158;0.158;;;;;
08.08.2016;TRL-_l;60;0;9999;9.999;0.158;0.158;;;;;
15.08.2016;TRL-_l;10;10;74;0.074;0.158;0.158;;;;;
15.08.2016;TRL-_l;5;5;74;0.074;0.074;0;;;;;
15.08.2016;TRL-_l;15;15;74;0.074;0.074;0;;;;;
15.08.2016;TRL-_l;13;13;88;0.088;0.088;0;;;;;
15.08.2016;TRL-_l;29;29;98;0.098;0.098;0;;;;;
15.08.2016;TRL-_l;6;6;98;0.098;0.098;0;;;;;
15.08.2016;TRL-_l;16;16;106;0.106;0.106;0;;;;;
15.08.2016;TRL-_l;7;7;108;0.108;0.108;0;;;;;
15.08.2016;TRL-_l;8;8;116;0.116;0.116;0;;;;;
15.08.2016;TRL-_l;20;20;117.6;0.1176;0.1176;0;;;;;
15.08.2016;TRL-_l;20;20;125;0.125;0.125;0;;;;;
15.08.2016;TRL-_l;75;25;128;0.128;0.128;0;;;;;
15.08.2016;TRL-_l;5;5;137;0.137;0.137;0;;;;;
15.08.2016;TRL-_l;5;0;147;0.147;0.137;0;;;;;
15.08.2016;TRL-_l;5;0;149;0.149;0.137;0.137;;;;;
15.08.2016;TRL-_l;25;0;151.2;0.1512;0.137;0.137;;;;;
15.08.2016;TRL-_l;5;0;156;0.156;0.137;0.137;;;;;
15.08.2016;TRL-_l;5;0;200;0.2;0.137;0.137;;;;;
15.08.2016;TRL-_l;10;0;400;0.4;0.137;0.137;;;;;
15.08.2016;TRL-_l;65;0;599;0.599;0.137;0.137;;;;;
15.08.2016;TRL-_l;50;0;811;0.811;0.137;0.137;;;;;
15.08.2016;TRL-_l;25;0;840;0.84;0.137;0.137;;;;;
15.08.2016;TRL-_l;100;0;999;0.999;0.137;0.137;;;;;
15.08.2016;TRL-_l;8;0;1566;1.566;0.137;0.137;;;;;
15.08.2016;TRL-_l;25;0;2200;2.2;0.137;0.137;;;;;
15.08.2016;TRL-_l;20;0;3976;3.976;0.137;0.137;;;;;
15.08.2016;TRL-_l;60;0;9999;9.999;0.137;0.137;;;;;
22.08.2016;TRL-_l;10;10;74;0.074;0.137;0.137;;;;;
22.08.2016;TRL-_l;10;10;77;0.077;0.077;0;;;;;
22.08.2016;TRL-_l;5;5;84;0.084;0.084;0;;;;;
22.08.2016;TRL-_l;12;12;98;0.098;0.098;0;;;;;
22.08.2016;TRL-_l;18;18;106;0.106;0.106;0;;;;;
22.08.2016;TRL-_l;5;5;114;0.114;0.114;0;;;;;
22.08.2016;TRL-_l;20;20;117.6;0.1176;0.1176;0;;;;;
22.08.2016;TRL-_l;13;13;117.6;0.1176;0.1176;0;;;;;
22.08.2016;TRL-_l;20;20;140;0.14;0.14;0;;;;;
22.08.2016;TRL-_l;25;25;151.2;0.1512;0.1512;0;;;;;
22.08.2016;TRL-_l;7;7;216;0.216;0.216;0;;;;;
22.08.2016;TRL-_l;5;5;248;0.248;0.248;0;;;;;
22.08.2016;TRL-_l;75;30;259;0.259;0.259;0;;;;;
22.08.2016;TRL-_l;5;5;274;0.274;0.274;0;;;;;
22.08.2016;TRL-_l;5;5;297;0.297;0.297;0;;;;;
22.08.2016;TRL-_l;5;0;348;0.348;0.297;0;;;;;
22.08.2016;TRL-_l;8;0;555;0.555;0.297;0.297;;;;;
22.08.2016;TRL-_l;10;0;580;0.58;0.297;0.297;;;;;
22.08.2016;TRL-_l;10;0;785;0.785;0.297;0.297;;;;;
22.08.2016;TRL-_l;65;0;888;0.888;0.297;0.297;;;;;
22.08.2016;TRL-_l;50;0;932;0.932;0.297;0.297;;;;;
22.08.2016;TRL-_l;10;0;999;0.999;0.297;0.297;;;;;
22.08.2016;TRL-_l;100;0;999;0.999;0.297;0.297;;;;;
22.08.2016;TRL-_l;20;0;3976;3.976;0.297;0.297;;;;;
22.08.2016;TRL-_l;10;0;4322;4.322;0.297;0.297;;;;;
22.08.2016;TRL-_l;10;0;8977;8.977;0.297;0.297;;;;;
22.08.2016;TRL-_l;10;0;9999;9.999;0.297;0.297;;;;;
29.08.2016;TRL-_l;10;10;100;0.1;0.297;0.297;;;;;
29.08.2016;TRL-_l;10;10;105;0.105;0.105;0;;;;;
29.08.2016;TRL-_l;5;5;110;0.11;0.11;0;;;;;
29.08.2016;TRL-_l;6;6;129.6;0.1296;0.1296;0;;;;;
29.08.2016;TRL-_l;20;20;134.4;0.1344;0.1344;0;;;;;
29.08.2016;TRL-_l;10;10;168;0.168;0.168;0;;;;;
29.08.2016;TRL-_l;12;12;180;0.18;0.18;0;;;;;
29.08.2016;TRL-_l;15;15;180;0.18;0.18;0;;;;;
29.08.2016;TRL-_l;10;10;201.6;0.2016;0.2016;0;;;;;
29.08.2016;TRL-_l;14;14;210;0.21;0.21;0;;;;;
29.08.2016;TRL-_l;22;22;240;0.24;0.24;0;;;;;
29.08.2016;TRL-_l;6;6;328;0.328;0.328;0;;;;;
29.08.2016;TRL-_l;50;50;333;0.333;0.333;0;;;;;
29.08.2016;TRL-_l;5;5;368;0.368;0.368;0;;;;;
29.08.2016;TRL-_l;75;25;393;0.393;0.393;0;;;;;
29.08.2016;TRL-_l;5;5;399;0.399;0.399;0;;;;;
29.08.2016;TRL-_l;5;0;422;0.422;0.399;0;;;;;
29.08.2016;TRL-_l;5;0;547.68;0.54768;0.399;0.399;;;;;
29.08.2016;TRL-_l;65;0;888;0.888;0.399;0.399;;;;;
29.08.2016;TRL-_l;25;0;999;0.999;0.399;0.399;;;;;
29.08.2016;TRL-_l;100;0;999;0.999;0.399;0.399;;;;;
29.08.2016;TRL-_l;50;0;1076;1.076;0.399;0.399;;;;;
29.08.2016;TRL-_l;10;0;1399;1.399;0.399;0.399;;;;;
29.08.2016;TRL-_l;10;0;1499;1.499;0.399;0.399;;;;;
29.08.2016;TRL-_l;25;0;2399;2.399;0.399;0.399;;;;;
29.08.2016;TRL-_l;20;0;4120;4.12;0.399;0.399;;;;;
29.08.2016;TRL-_l;60;0;99999;99.999;0.399;0.399;;;;;
05.09.2016;TRL-_l;10;10;167;0.167;0.399;0.399;;;;;
05.09.2016;TRL-_l;10;10;187;0.187;0.187;0;;;;;
05.09.2016;TRL-_l;5;5;205;0.205;0.205;0;;;;;
05.09.2016;TRL-_l;5;5;217;0.217;0.217;0;;;;;
05.09.2016;TRL-_l;5;5;238;0.238;0.238;0;;;;;
05.09.2016;TRL-_l;5;5;267;0.267;0.267;0;;;;;
05.09.2016;TRL-_l;11;11;267;0.267;0.267;0;;;;;
05.09.2016;TRL-_l;7;7;295;0.295;0.295;0;;;;;
05.09.2016;TRL-_l;50;50;299;0.299;0.299;0;;;;;
05.09.2016;TRL-_l;10;10;300;0.3;0.3;0;;;;;
05.09.2016;TRL-_l;10;10;302.4;0.3024;0.3024;0;;;;;
05.09.2016;TRL-_l;11;11;310.8;0.3108;0.3108;0;;;;;
05.09.2016;TRL-_l;20;20;319.2;0.3192;0.3192;0;;;;;
05.09.2016;TRL-_l;5;5;329;0.329;0.329;0;;;;;
05.09.2016;TRL-_l;75;30;335;0.335;0.335;0;;;;;
05.09.2016;TRL-_l;10;10;369.6;0.3696;0.3696;0;;;;;
05.09.2016;TRL-_l;5;5;388;0.388;0.388;0;;;;;
05.09.2016;TRL-_l;5;0;549;0.549;0.388;0;;;;;
05.09.2016;TRL-_l;5;0;840;0.84;0.388;0.388;;;;;
05.09.2016;TRL-_l;65;0;990;0.99;0.388;0.388;;;;;
05.09.2016;TRL-_l;100;0;999;0.999;0.388;0.388;;;;;
05.09.2016;TRL-_l;27;0;999;0.999;0.388;0.388;;;;;
05.09.2016;TRL-_l;50;0;1076;1.076;0.388;0.388;;;;;
05.09.2016;TRL-_l;25;0;1380;1.38;0.388;0.388;;;;;
05.09.2016;TRL-_l;8;0;1499;1.499;0.388;0.388;;;;;
05.09.2016;TRL-_l;25;0;1700;1.7;0.388;0.388;;;;;
05.09.2016;TRL-_l;50;0;3400;3.4;0.388;0.388;;;;;
05.09.2016;TRL-_l;20;0;4120;4.12;0.388;0.388;;;;;
05.09.2016;TRL-_l;60;0;9999;9.999;0.388;0.388;;;;;
12.09.2016;TRL-_l;10;10;206;0.206;0.388;0.388;;;;;
12.09.2016;TRL-_l;10;10;226;0.226;0.226;0;;;;;
12.09.2016;TRL-_l;5;5;246;0.246;0.246;0;;;;;
12.09.2016;TRL-_l;7;7;247;0.247;0.247;0;;;;;
12.09.2016;TRL-_l;50;50;249;0.249;0.249;0;;;;;
12.09.2016;TRL-_l;5;5;265;0.265;0.265;0;;;;;
12.09.2016;TRL-_l;5;5;265;0.265;0.265;0;;;;;
12.09.2016;TRL-_l;5;5;274;0.274;0.274;0;;;;;
12.09.2016;TRL-_l;11;11;285;0.285;0.285;0;;;;;
12.09.2016;TRL-_l;9;9;285;0.285;0.285;0;;;;;
12.09.2016;TRL-_l;30;30;290;0.29;0.29;0;;;;;
12.09.2016;TRL-_l;75;25;297;0.297;0.297;0;;;;;
12.09.2016;TRL-_l;10;10;310;0.31;0.31;0;;;;;
12.09.2016;TRL-_l;10;0;386.4;0.3864;0.31;0;;;;;
12.09.2016;TRL-_l;5;0;388;0.388;0.31;0.31;;;;;
12.09.2016;TRL-_l;10;0;420;0.42;0.31;0.31;;;;;
12.09.2016;TRL-_l;30;0;510;0.51;0.31;0.31;;;;;
12.09.2016;TRL-_l;65;0;666;0.666;0.31;0.31;;;;;
12.09.2016;TRL-_l;20;0;823.2;0.8232;0.31;0.31;;;;;
12.09.2016;TRL-_l;100;0;999;0.999;0.31;0.31;;;;;
12.09.2016;TRL-_l;22;0;999;0.999;0.31;0.31;;;;;
12.09.2016;TRL-_l;50;0;1076;1.076;0.31;0.31;;;;;
12.09.2016;TRL-_l;25;0;2218;2.218;0.31;0.31;;;;;
12.09.2016;TRL-_l;20;0;4120;4.12;0.31;0.31;;;;;
19.09.2016;TRL-_l;10;10;182;0.182;0.31;0.31;;;;;
19.09.2016;TRL-_l;10;10;188;0.188;0.188;0;;;;;
19.09.2016;TRL-_l;7;7;194;0.194;0.194;0;;;;;
19.09.2016;TRL-_l;5;5;196;0.196;0.196;0;;;;;
19.09.2016;TRL-_l;50;50;248;0.248;0.248;0;;;;;
19.09.2016;TRL-_l;9;0;260;0.26;0.248;0;;;;;
19.09.2016;TRL-_l;5;5;260;0.26;0.26;0;;;;;
19.09.2016;TRL-_l;5;0;265;0.265;0.26;0;;;;;
19.09.2016;TRL-_l;11;0;267.12;0.26712;0.26;0.26;;;;;
19.09.2016;TRL-_l;5;0;278.88;0.27888;0.26;0.26;;;;;
19.09.2016;TRL-_l;10;0;302.4;0.3024;0.26;0.26;;;;;
19.09.2016;TRL-_l;10;0;305;0.305;0.26;0.26;;;;;
19.09.2016;TRL-_l;75;0;495;0.495;0.26;0.26;;;;;
19.09.2016;TRL-_l;10;0;504;0.504;0.26;0.26;;;;;
19.09.2016;TRL-_l;65;0;666;0.666;0.26;0.26;;;;;
19.09.2016;TRL-_l;100;0;999;0.999;0.26;0.26;;;;;
19.09.2016;TRL-_l;30;0;999;0.999;0.26;0.26;;;;;
19.09.2016;TRL-_l;50;0;1076;1.076;0.26;0.26;;;;;
19.09.2016;TRL-_l;20;0;1680;1.68;0.26;0.26;;;;;
19.09.2016;TRL-_l;10;0;1989;1.989;0.26;0.26;;;;;
19.09.2016;TRL-_l;20;0;4120;4.12;0.26;0.26;;;;;
19.09.2016;TRL-_l;60;0;9999;9.999;0.26;0.26;;;;;
26.09.2016;TRL-_l;10;10;164;0.164;0.26;0.26;;;;;
26.09.2016;TRL-_l;10;10;174;0.174;0.174;0;;;;;
26.09.2016;TRL-_l;5;5;178;0.178;0.178;0;;;;;
26.09.2016;TRL-_l;8;7;195;0.195;0.195;0;;;;;
26.09.2016;TRL-_l;12;12;206.64;0.20664;0.20664;0;;;;;
26.09.2016;TRL-_l;16;16;222;0.222;0.222;0;;;;;
26.09.2016;TRL-_l;19;19;233;0.233;0.233;0;;;;;
26.09.2016;TRL-_l;50;50;244;0.244;0.244;0;;;;;
26.09.2016;TRL-_l;5;5;253;0.253;0.253;0;;;;;
26.09.2016;TRL-_l;5;0;285.6;0.2856;0.253;0;;;;;
26.09.2016;TRL-_l;75;25;292;0.292;0.292;0;;;;;
26.09.2016;TRL-_l;50;0;299;0.299;0.292;0;;;;;
26.09.2016;TRL-_l;10;0;299;0.299;0.292;0.292;;;;;
26.09.2016;TRL-_l;5;0;375;0.375;0.292;0.292;;;;;
26.09.2016;TRL-_l;5;0;420;0.42;0.292;0.292;;;;;
26.09.2016;TRL-_l;50;0;1072;1.072;0.292;0.292;;;;;
26.09.2016;TRL-_l;10;0;1527;1.527;0.292;0.292;;;;;
26.09.2016;TRL-_l;20;0;1680;1.68;0.292;0.292;;;;;
26.09.2016;TRL-_l;35;0;1699;1.699;0.292;0.292;;;;;
26.09.2016;TRL-_l;7;0;1999;1.999;0.292;0.292;;;;;
26.09.2016;TRL-_l;10;0;1999;1.999;0.292;0.292;;;;;
26.09.2016;TRL-_l;100;0;1999;1.999;0.292;0.292;;;;;
26.09.2016;TRL-_l;10;0;2499;2.499;0.292;0.292;;;;;
26.09.2016;TRL-_l;10;0;2999;2.999;0.292;0.292;;;;;
26.09.2016;TRL-_l;20;0;4116;4.116;0.292;0.292;;;;;
26.09.2016;TRL-_l;10;0;5555;5.555;0.292;0.292;;;;;
26.09.2016;TRL-_l;60;0;9999;9.999;0.292;0.292;;;;;
03.10.2016;TRL-_l;10;10;173;0.173;0.292;0.292;;;;;
03.10.2016;TRL-_l;10;10;183;0.183;0.183;0;;;;;
03.10.2016;TRL-_l;5;5;209;0.209;0.209;0;;;;;
03.10.2016;TRL-_l;15;15;235;0.235;0.235;0;;;;;
03.10.2016;TRL-_l;6;6;248;0.248;0.248;0;;;;;
03.10.2016;TRL-_l;19;18;249;0.249;0.249;0;;;;;
03.10.2016;TRL-_l;11;10;255.36;0.25536;0.25536;0;;;;;
03.10.2016;TRL-_l;50;35;289;0.289;0.289;0;;;;;
03.10.2016;TRL-_l;50;50;289;0.289;0.289;0;;;;;
03.10.2016;TRL-_l;5;5;325;0.325;0.325;0;;;;;
03.10.2016;TRL-_l;60;10;349;0.349;0.349;0;;;;;
03.10.2016;TRL-_l;75;0;448;0.448;0.349;0;;;;;
03.10.2016;TRL-_l;5;0;469;0.469;0.349;0.349;;;;;
03.10.2016;TRL-_l;50;0;1072;1.072;0.349;0.349;;;;;
03.10.2016;TRL-_l;35;0;1699;1.699;0.349;0.349;;;;;
03.10.2016;TRL-_l;10;0;1967;1.967;0.349;0.349;;;;;
03.10.2016;TRL-_l;100;0;1999;1.999;0.349;0.349;;;;;
03.10.2016;TRL-_l;10;0;2439;2.439;0.349;0.349;;;;;
03.10.2016;TRL-_l;10;0;2939;2.939;0.349;0.349;;;;;
03.10.2016;TRL-_l;10;0;3439;3.439;0.349;0.349;;;;;
03.10.2016;TRL-_l;20;0;4116;4.116;0.349;0.349;;;;;
03.10.2016;TRL-_l;10;0;5995;5.995;0.349;0.349;;;;;
10.10.2016;TRL-_l;10;10;228;0.228;0.349;0.349;;;;;
10.10.2016;TRL-_l;10;10;248;0.248;0.248;0;;;;;
10.10.2016;TRL-_l;5;5;249;0.249;0.249;0;;;;;
10.10.2016;TRL-_l;11;11;265.44;0.26544;0.26544;0;;;;;
10.10.2016;TRL-_l;15;15;297;0.297;0.297;0;;;;;
10.10.2016;TRL-_l;50;35;299;0.299;0.299;0;;;;;
10.10.2016;TRL-_l;13;13;315;0.315;0.315;0;;;;;
10.10.2016;TRL-_l;5;5;317;0.317;0.317;0;;;;;
10.10.2016;TRL-_l;50;50;378;0.378;0.378;0;;;;;
10.10.2016;TRL-_l;5;5;387;0.387;0.387;0;;;;;
10.10.2016;TRL-_l;60;10;388;0.388;0.388;0;;;;;
10.10.2016;TRL-_l;5;5;398;0.398;0.398;0;;;;;
10.10.2016;TRL-_l;75;0;549;0.549;0.398;0;;;;;
10.10.2016;TRL-_l;50;0;1156;1.156;0.398;0.398;;;;;
10.10.2016;TRL-_l;7;0;1966;1.966;0.398;0.398;;;;;
10.10.2016;TRL-_l;100;0;2599;2.599;0.398;0.398;;;;;
10.10.2016;TRL-_l;20;0;4200;4.2;0.398;0.398;;;;;
17.10.2016;TRL-_l;5;5;368;0.368;0.398;0.398;;;;;
17.10.2016;TRL-_l;11;11;385;0.385;0.385;0;;;;;
17.10.2016;TRL-_l;9;9;405;0.405;0.405;0;;;;;
17.10.2016;TRL-_l;10;6;590;0.59;0.59;0;;;;;
17.10.2016;TRL-_l;5;5;644;0.644;0.644;0;;;;;
17.10.2016;TRL-_l;10;10;696;0.696;0.696;0;;;;;
17.10.2016;TRL-_l;5;5;824;0.824;0.824;0;;;;;
17.10.2016;TRL-_l;5;5;888;0.888;0.888;0;;;;;
17.10.2016;TRL-_l;5;5;942;0.942;0.942;0;;;;;
17.10.2016;TRL-_l;50;50;978;0.978;0.978;0;;;;;
17.10.2016;TRL-_l;20;10;999;0.999;0.999;0;;;;;
17.10.2016;TRL-_l;50;35;999;0.999;0.999;0;;;;;
17.10.2016;TRL-_l;75;30;1256;1.256;1.256;0;;;;;
17.10.2016;TRL-_l;50;0;2256;2.256;1.256;0;;;;;
17.10.2016;TRL-_l;35;0;2500;2.5;1.256;1.256;;;;;
17.10.2016;TRL-_l;20;0;4820;4.82;1.256;1.256;;;;;
17.10.2016;TRL-_l;30;0;8000;8;1.256;1.256;;;;;
17.10.2016;TRL-_l;40;0;15499;15.499;1.256;1.256;;;;;
24.10.2016;TRL-_l;5;5;483;0.483;1.256;1.256;;;;;
24.10.2016;TRL-_l;5;5;548;0.548;0.548;0;;;;;
24.10.2016;TRL-_l;5;5;644;0.644;0.644;0;;;;;
24.10.2016;TRL-_l;5;5;747;0.747;0.747;0;;;;;
24.10.2016;TRL-_l;9;9;785;0.785;0.785;0;;;;;
24.10.2016;TRL-_l;5;5;798;0.798;0.798;0;;;;;
24.10.2016;TRL-_l;13;13;810;0.81;0.81;0;;;;;
24.10.2016;TRL-_l;65;65;885;0.885;0.885;0;;;;;
24.10.2016;TRL-_l;5;5;887;0.887;0.887;0;;;;;
24.10.2016;TRL-_l;50;50;983;0.983;0.983;0;;;;;
24.10.2016;TRL-_l;50;35;999;0.999;0.999;0;;;;;
24.10.2016;TRL-_l;75;20;1140;1.14;1.14;0;;;;;
24.10.2016;TRL-_l;6;0;1156;1.156;1.14;0;;;;;
24.10.2016;TRL-_l;5;0;1198;1.198;1.14;1.14;;;;;
24.10.2016;TRL-_l;5;0;1230;1.23;1.14;1.14;;;;;
24.10.2016;TRL-_l;5;0;1270;1.27;1.14;1.14;;;;;
24.10.2016;TRL-_l;65;0;1376;1.376;1.14;1.14;;;;;
24.10.2016;TRL-_l;5;0;1646.4;1.6464;1.14;1.14;;;;;
24.10.2016;TRL-_l;7;0;1899;1.899;1.14;1.14;;;;;
24.10.2016;TRL-_l;50;0;4764;4.764;1.14;1.14;;;;;
24.10.2016;TRL-_l;25;0;7661;7.661;1.14;1.14;;;;;
24.10.2016;TRL-_l;60;0;19999;19.999;1.14;1.14;;;;;
31.10.2016;TRL-_l;5;5;645;0.645;1.14;1.14;;;;;
31.10.2016;TRL-_l;5;5;745;0.745;0.745;0;;;;;
31.10.2016;TRL-_l;5;5;765;0.765;0.765;0;;;;;
31.10.2016;TRL-_l;5;5;784;0.784;0.784;0;;;;;
31.10.2016;TRL-_l;14;14;849;0.849;0.849;0;;;;;
31.10.2016;TRL-_l;7;7;859;0.859;0.859;0;;;;;
31.10.2016;TRL-_l;5;5;868;0.868;0.868;0;;;;;
31.10.2016;TRL-_l;12;12;884;0.884;0.884;0;;;;;
31.10.2016;TRL-_l;5;5;938;0.938;0.938;0;;;;;
31.10.2016;TRL-_l;64;64;978;0.978;0.978;0;;;;;
31.10.2016;TRL-_l;50;50;992;0.992;0.992;0;;;;;
31.10.2016;TRL-_l;64;64;1049;1.049;1.049;0;;;;;
31.10.2016;TRL-_l;5;0;1270;1.27;1.049;0;;;;;
31.10.2016;TRL-_l;75;0;1310;1.31;1.049;1.049;;;;;
31.10.2016;TRL-_l;50;0;1315;1.315;1.049;1.049;;;;;
31.10.2016;TRL-_l;5;0;1390;1.39;1.049;1.049;;;;;
31.10.2016;TRL-_l;64;0;2999;2.999;1.049;1.049;;;;;
31.10.2016;TRL-_l;11;0;4183.2;4.1832;1.049;1.049;;;;;
31.10.2016;TRL-_l;50;0;4773;4.773;1.049;1.049;;;;;
07.11.2016;TRL-_l;5;5;742;0.742;1.049;1.049;;;;;
07.11.2016;TRL-_l;6;6;783;0.783;0.783;0;;;;;
07.11.2016;TRL-_l;5;5;792;0.792;0.792;0;;;;;
07.11.2016;TRL-_l;6;5;838;0.838;0.838;0;;;;;
07.11.2016;TRL-_l;5;5;879;0.879;0.879;0;;;;;
07.11.2016;TRL-_l;11;11;888;0.888;0.888;0;;;;;
07.11.2016;TRL-_l;5;5;948;0.948;0.948;0;;;;;
07.11.2016;TRL-_l;21;21;955;0.955;0.955;0;;;;;
07.11.2016;TRL-_l;5;5;963;0.963;0.963;0;;;;;
07.11.2016;TRL-_l;14;13;976;0.976;0.976;0;;;;;
07.11.2016;TRL-_l;50;50;998;0.998;0.998;0;;;;;
07.11.2016;TRL-_l;50;35;999;0.999;0.999;0;;;;;
07.11.2016;TRL-_l;70;35;1097;1.097;1.097;0;;;;;
07.11.2016;TRL-_l;75;25;1148;1.148;1.148;0;;;;;
07.11.2016;TRL-_l;7;0;1544;1.544;1.148;0;;;;;
07.11.2016;TRL-_l;25;0;3499;3.499;1.148;1.148;;;;;
07.11.2016;TRL-_l;50;0;4773;4.773;1.148;1.148;;;;;
07.11.2016;TRL-_l;60;0;9999;9.999;1.148;1.148;;;;;
07.11.2016;TRL-_l;20;0;9999;9.999;1.148;1.148;;;;;
14.11.2016;TRL-_l;5;5;799;0.799;1.148;1.148;;;;;
14.11.2016;TRL-_l;5;5;829;0.829;0.829;0;;;;;
14.11.2016;TRL-_l;8;8;914;0.914;0.914;0;;;;;
14.11.2016;TRL-_l;7;7;929;0.929;0.929;0;;;;;
14.11.2016;TRL-_l;19;11;958;0.958;0.958;0;;;;;
14.11.2016;TRL-_l;5;5;969;0.969;0.969;0;;;;;
14.11.2016;TRL-_l;16;15;994;0.994;0.994;0;;;;;
14.11.2016;TRL-_l;5;5;996;0.996;0.996;0;;;;;
14.11.2016;TRL-_l;5;5;997;0.997;0.997;0;;;;;
14.11.2016;TRL-_l;11;10;1041.6;1.0416;1.0416;0;;;;;
14.11.2016;TRL-_l;50;50;1048;1.048;1.048;0;;;;;
14.11.2016;TRL-_l;70;35;1067;1.067;1.067;0;;;;;
14.11.2016;TRL-_l;75;40;1296;1.296;1.296;0;;;;;
14.11.2016;TRL-_l;60;10;1299;1.299;1.299;0;;;;;
14.11.2016;TRL-_l;6;0;2001;2.001;1.299;0;;;;;
14.11.2016;TRL-_l;50;0;4773;4.773;1.299;1.299;;;;;
14.11.2016;TRL-_l;25;0;6623;6.623;1.299;1.299;;;;;
14.11.2016;TRL-_l;5;0;8500;8.5;1.299;1.299;;;;;
14.11.2016;TRL-_l;20;0;9999;9.999;1.299;1.299;;;;;
14.11.2016;TRL-_l;5;0;11000;11;1.299;1.299;;;;;
14.11.2016;TRL-_l;5;0;13500;13.5;1.299;1.299;;;;;
14.11.2016;TRL-_l;5;0;15000;15;1.299;1.299;;;;;
21.11.2016;TRL-_l;5;5;869;0.869;1.299;1.299;;;;;
21.11.2016;TRL-_l;5;5;919;0.919;0.919;0;;;;;
21.11.2016;TRL-_l;5;5;1028;1.028;1.028;0;;;;;
21.11.2016;TRL-_l;9;9;1034;1.034;1.034;0;;;;;
21.11.2016;TRL-_l;27;22;1035;1.035;1.035;0;;;;;
21.11.2016;TRL-_l;15;15;1101;1.101;1.101;0;;;;;
21.11.2016;TRL-_l;6;6;1184;1.184;1.184;0;;;;;
21.11.2016;TRL-_l;70;35;1213;1.213;1.213;0;;;;;
21.11.2016;TRL-_l;50;50;1299;1.299;1.299;0;;;;;
21.11.2016;TRL-_l;60;10;1499;1.499;1.499;0;;;;;
21.11.2016;TRL-_l;6;6;1999;1.999;1.999;0;;;;;
21.11.2016;TRL-_l;50;50;2288;2.288;2.288;0;;;;;
21.11.2016;TRL-_l;5;0;2492;2.492;2.288;0;;;;;
21.11.2016;TRL-_l;75;10;2495;2.495;2.495;0;;;;;
21.11.2016;TRL-_l;5;0;2499;2.499;2.495;0;;;;;
21.11.2016;TRL-_l;25;0;2524;2.524;2.495;2.495;;;;;
21.11.2016;TRL-_l;5;0;2950;2.95;2.495;2.495;;;;;
21.11.2016;TRL-_l;5;0;3450;3.45;2.495;2.495;;;;;
21.11.2016;TRL-_l;5;0;3950;3.95;2.495;2.495;;;;;
21.11.2016;TRL-_l;5;0;4450;4.45;2.495;2.495;;;;;
21.11.2016;TRL-_l;5;0;4950;4.95;2.495;2.495;;;;;
21.11.2016;TRL-_l;50;0;5517;5.517;2.495;2.495;;;;;
21.11.2016;TRL-_l;20;0;9999;9.999;2.495;2.495;;;;;
28.11.2016;TRL-_l;5;5;990;0.99;2.495;2.495;;;;;
28.11.2016;TRL-_l;21;21;997;0.997;0.997;0;;;;;
28.11.2016;TRL-_l;9;9;1043;1.043;1.043;0;;;;;
28.11.2016;TRL-_l;15;15;1119;1.119;1.119;0;;;;;
28.11.2016;TRL-_l;6;5;1169;1.169;1.169;0;;;;;
28.11.2016;TRL-_l;6;6;1202;1.202;1.202;0;;;;;
28.11.2016;TRL-_l;7;7;1380;1.38;1.38;0;;;;;
28.11.2016;TRL-_l;11;11;1386;1.386;1.386;0;;;;;
28.11.2016;TRL-_l;70;35;1492;1.492;1.492;0;;;;;
28.11.2016;TRL-_l;50;50;1734;1.734;1.734;0;;;;;
28.11.2016;TRL-_l;5;5;1777;1.777;1.777;0;;;;;
28.11.2016;TRL-_l;5;5;1794;1.794;1.794;0;;;;;
28.11.2016;TRL-_l;30;30;1825;1.825;1.825;0;;;;;
28.11.2016;TRL-_l;75;25;1984;1.984;1.984;0;;;;;
28.11.2016;TRL-_l;10;0;2449;2.449;1.984;0;;;;;
28.11.2016;TRL-_l;50;0;3333;3.333;1.984;1.984;;;;;
28.11.2016;TRL-_l;6;0;3425;3.425;1.984;1.984;;;;;
28.11.2016;TRL-_l;50;0;5121;5.121;1.984;1.984;;;;;
28.11.2016;TRL-_l;35;0;5300;5.3;1.984;1.984;;;;;
28.11.2016;TRL-_l;20;0;9999;9.999;1.984;1.984;;;;;
28.11.2016;TRL-_l;60;0;29999;29.999;1.984;1.984;;;;;
05.12.2016;TRL-_l;7;7;1064;1.064;1.984;1.984;;;;;
05.12.2016;TRL-_l;8;8;1064;1.064;1.064;0;;;;;
05.12.2016;TRL-_l;15;15;1066;1.066;1.066;0;;;;;
05.12.2016;TRL-_l;5;5;1070;1.07;1.07;0;;;;;
05.12.2016;TRL-_l;10;10;1199;1.199;1.199;0;;;;;
05.12.2016;TRL-_l;15;15;1291;1.291;1.291;0;;;;;
05.12.2016;TRL-_l;5;5;1320;1.32;1.32;0;;;;;
05.12.2016;TRL-_l;60;20;1384;1.384;1.384;0;;;;;
05.12.2016;TRL-_l;50;50;1423;1.423;1.423;0;;;;;
05.12.2016;TRL-_l;5;5;1486;1.486;1.486;0;;;;;
05.12.2016;TRL-_l;70;35;1492;1.492;1.492;0;;;;;
05.12.2016;TRL-_l;11;11;1512;1.512;1.512;0;;;;;
05.12.2016;TRL-_l;5;5;1520;1.52;1.52;0;;;;;
05.12.2016;TRL-_l;30;30;1745;1.745;1.745;0;;;;;
05.12.2016;TRL-_l;6;0;1999;1.999;1.745;0;;;;;
05.12.2016;TRL-_l;50;0;2429;2.429;1.745;1.745;;;;;
05.12.2016;TRL-_l;5;0;2934;2.934;1.745;1.745;;;;;
05.12.2016;TRL-_l;5;0;2972;2.972;1.745;1.745;;;;;
05.12.2016;TRL-_l;35;0;3242;3.242;1.745;1.745;;;;;
05.12.2016;TRL-_l;75;0;3244;3.244;1.745;1.745;;;;;
05.12.2016;TRL-_l;50;0;5771;5.771;1.745;1.745;;;;;
05.12.2016;TRL-_l;20;0;9999;9.999;1.745;1.745;;;;;
12.12.2016;TRL-_l;10;10;998;0.998;1.745;1.745;;;;;
12.12.2016;TRL-_l;60;10;999;0.999;0.999;0;;;;;
12.12.2016;TRL-_l;7;7;1024;1.024;1.024;0;;;;;
12.12.2016;TRL-_l;7;7;1049;1.049;1.049;0;;;;;
12.12.2016;TRL-_l;8;8;1084;1.084;1.084;0;;;;;
12.12.2016;TRL-_l;15;15;1107;1.107;1.107;0;;;;;
12.12.2016;TRL-_l;5;5;1240;1.24;1.24;0;;;;;
12.12.2016;TRL-_l;6;6;1289;1.289;1.289;0;;;;;
12.12.2016;TRL-_l;16;16;1294;1.294;1.294;0;;;;;
12.12.2016;TRL-_l;11;11;1323.84;1.32384;1.32384;0;;;;;
12.12.2016;TRL-_l;50;50;1342;1.342;1.342;0;;;;;
12.12.2016;TRL-_l;70;35;1449;1.449;1.449;0;;;;;
12.12.2016;TRL-_l;75;25;1482;1.482;1.482;0;;;;;
12.12.2016;TRL-_l;5;5;1524;1.524;1.524;0;;;;;
12.12.2016;TRL-_l;5;5;1562;1.562;1.562;0;;;;;
12.12.2016;TRL-_l;30;0;1698;1.698;1.562;0;;;;;
12.12.2016;TRL-_l;40;0;1982;1.982;1.562;1.562;;;;;
12.12.2016;TRL-_l;6;6;1989;1.989;1.989;0;;;;;
12.12.2016;TRL-_l;50;0;4369;4.369;1.989;0;;;;;
12.12.2016;TRL-_l;20;0;9999;9.999;1.989;1.989;;;;;
19.12.2016;TRL-_l;6;6;979;0.979;1.989;1.989;;;;;
19.12.2016;TRL-_l;9;9;1069;1.069;1.069;0;;;;;
19.12.2016;TRL-_l;6;6;1144;1.144;1.144;0;;;;;
19.12.2016;TRL-_l;12;12;1148;1.148;1.148;0;;;;;
19.12.2016;TRL-_l;6;6;1189;1.189;1.189;0;;;;;
19.12.2016;TRL-_l;10;10;1199;1.199;1.199;0;;;;;
19.12.2016;TRL-_l;30;30;1210;1.21;1.21;0;;;;;
19.12.2016;TRL-_l;16;16;1246;1.246;1.246;0;;;;;
19.12.2016;TRL-_l;50;35;1299;1.299;1.299;0;;;;;
19.12.2016;TRL-_l;50;30;1322;1.322;1.322;0;;;;;
19.12.2016;TRL-_l;11;11;1335.6;1.3356;1.3356;0;;;;;
19.12.2016;TRL-_l;75;5;1444;1.444;1.444;0;;;;;
19.12.2016;TRL-_l;5;0;1474;1.474;1.444;0;;;;;
19.12.2016;TRL-_l;5;0;1488;1.488;1.444;1.444;;;;;
19.12.2016;TRL-_l;5;0;1670;1.67;1.444;1.444;;;;;
19.12.2016;TRL-_l;9;0;1890;1.89;1.444;1.444;;;;;
19.12.2016;TRL-_l;5;0;1999;1.999;1.444;1.444;;;;;
19.12.2016;TRL-_l;10;0;3400;3.4;1.444;1.444;;;;;
19.12.2016;TRL-_l;10;0;3900;3.9;1.444;1.444;;;;;
19.12.2016;TRL-_l;50;0;4319;4.319;1.444;1.444;;;;;
19.12.2016;TRL-_l;70;0;4476;4.476;1.444;1.444;;;;;
19.12.2016;TRL-_l;20;0;9999;9.999;1.444;1.444;;;;;
19.12.2016;TRL-_l;60;0;29999;29.999;1.444;1.444;;;;;
26.12.2016;TRL-_l;6;6;1080;1.08;1.444;1.444;;;;;
26.12.2016;TRL-_l;5;5;1084;1.084;1.084;0;;;;;
26.12.2016;TRL-_l;5;5;1129;1.129;1.129;0;;;;;
26.12.2016;TRL-_l;12;12;1188;1.188;1.188;0;;;;;
26.12.2016;TRL-_l;6;6;1194;1.194;1.194;0;;;;;
26.12.2016;TRL-_l;14;14;1248;1.248;1.248;0;;;;;
26.12.2016;TRL-_l;6;6;1290;1.29;1.29;0;;;;;
26.12.2016;TRL-_l;10;10;1299;1.299;1.299;0;;;;;
26.12.2016;TRL-_l;70;35;1348;1.348;1.348;0;;;;;
26.12.2016;TRL-_l;11;11;1384.32;1.38432;1.38432;0;;;;;
26.12.2016;TRL-_l;7;7;1432;1.432;1.432;0;;;;;
26.12.2016;TRL-_l;50;35;1499;1.499;1.499;0;;;;;
26.12.2016;TRL-_l;50;50;1626;1.626;1.626;0;;;;;
26.12.2016;TRL-_l;5;5;1699;1.699;1.699;0;;;;;
26.12.2016;TRL-_l;5;0;1744;1.744;1.699;0;;;;;
26.12.2016;TRL-_l;5;0;1772;1.772;1.699;1.699;;;;;
26.12.2016;TRL-_l;75;0;2358;2.358;1.699;1.699;;;;;
26.12.2016;TRL-_l;65;0;2449;2.449;1.699;1.699;;;;;
26.12.2016;TRL-_l;30;0;2498;2.498;1.699;1.699;;;;;
26.12.2016;TRL-_l;9;0;2799;2.799;1.699;1.699;;;;;
26.12.2016;TRL-_l;35;0;3195;3.195;1.699;1.699;;;;;
26.12.2016;TRL-_l;50;0;4885;4.885;1.699;1.699;;;;;
26.12.2016;TRL-_l;20;0;9999;9.999;1.699;1.699;;;;;
26.12.2016;TRL-_l;10;0;9999;9.999;1.699;1.699;;;;;
26.12.2016;TRL-_l;60;0;39999;39.999;1.699;1.699;;;;;
